Date,,East Side Counter
7/11/2019,0:00,0
7/11/2019,1:00,0
7/11/2019,2:00,0
7/11/2019,3:00,0
7/11/2019,4:00,1
7/11/2019,5:00,3
7/11/2019,6:00,8
7/11/2019,7:00,1
7/11/2019,8:00,2
7/11/2019,9:00,0
7/11/2019,10:00,3
7/11/2019,11:00,1
7/11/2019,12:00,0
7/11/2019,13:00,1
7/11/2019,14:00,2
7/11/2019,15:00,103
7/11/2019,16:00,0
7/11/2019,17:00,0
7/11/2019,18:00,0
7/11/2019,19:00,0
7/11/2019,20:00,0
7/11/2019,21:00,0
7/11/2019,22:00,0
7/11/2019,23:00,0
8/11/2019,0:00,0
8/11/2019,1:00,0
8/11/2019,2:00,0
8/11/2019,3:00,0
8/11/2019,4:00,0
8/11/2019,5:00,0
8/11/2019,6:00,1
8/11/2019,7:00,2
8/11/2019,8:00,0
8/11/2019,9:00,6
8/11/2019,10:00,3
8/11/2019,11:00,0
8/11/2019,12:00,0
8/11/2019,13:00,0
8/11/2019,14:00,1
8/11/2019,15:00,1
8/11/2019,16:00,7
8/11/2019,17:00,0
8/11/2019,18:00,0
8/11/2019,19:00,0
8/11/2019,20:00,0
8/11/2019,21:00,0
8/11/2019,22:00,0
8/11/2019,23:00,0
9/11/2019,0:00,0
9/11/2019,1:00,0
9/11/2019,2:00,0
9/11/2019,3:00,0
9/11/2019,4:00,0
9/11/2019,5:00,0
9/11/2019,6:00,0
9/11/2019,7:00,0
9/11/2019,8:00,5
9/11/2019,9:00,1
9/11/2019,10:00,2
9/11/2019,11:00,1
9/11/2019,12:00,0
9/11/2019,13:00,2
9/11/2019,14:00,5
9/11/2019,15:00,4
9/11/2019,16:00,1
9/11/2019,17:00,0
9/11/2019,18:00,0
9/11/2019,19:00,0
9/11/2019,20:00,0
9/11/2019,21:00,0
9/11/2019,22:00,0
9/11/2019,23:00,0
10/11/2019,0:00,0
10/11/2019,1:00,0
10/11/2019,2:00,0
10/11/2019,3:00,0
10/11/2019,4:00,0
10/11/2019,5:00,0
10/11/2019,6:00,0
10/11/2019,7:00,3
10/11/2019,8:00,8
10/11/2019,9:00,21
10/11/2019,10:00,4
10/11/2019,11:00,0
10/11/2019,12:00,9
10/11/2019,13:00,2
10/11/2019,14:00,12
10/11/2019,15:00,21
10/11/2019,16:00,3
10/11/2019,17:00,4
10/11/2019,18:00,0
10/11/2019,19:00,0
10/11/2019,20:00,0
10/11/2019,21:00,0
10/11/2019,22:00,0
10/11/2019,23:00,0
11/11/2019,0:00,0
11/11/2019,1:00,0
11/11/2019,2:00,0
11/11/2019,3:00,0
11/11/2019,4:00,0
11/11/2019,5:00,0
11/11/2019,6:00,0
11/11/2019,7:00,0
11/11/2019,8:00,0
11/11/2019,9:00,0
11/11/2019,10:00,0
11/11/2019,11:00,0
11/11/2019,12:00,0
11/11/2019,13:00,0
11/11/2019,14:00,0
11/11/2019,15:00,0
11/11/2019,16:00,0
11/11/2019,17:00,0
11/11/2019,18:00,0
11/11/2019,19:00,0
11/11/2019,20:00,0
11/11/2019,21:00,0
11/11/2019,22:00,0
11/11/2019,23:00,0
12/11/2019,0:00,0
12/11/2019,1:00,0
12/11/2019,2:00,0
12/11/2019,3:00,0
12/11/2019,4:00,0
12/11/2019,5:00,0
12/11/2019,6:00,0
12/11/2019,7:00,4
12/11/2019,8:00,0
12/11/2019,9:00,0
12/11/2019,10:00,0
12/11/2019,11:00,0
12/11/2019,12:00,0
12/11/2019,13:00,0
12/11/2019,14:00,0
12/11/2019,15:00,0
12/11/2019,16:00,0
12/11/2019,17:00,0
12/11/2019,18:00,0
12/11/2019,19:00,0
12/11/2019,20:00,0
12/11/2019,21:00,0
12/11/2019,22:00,0
12/11/2019,23:00,0
13/11/2019,0:00,0
13/11/2019,1:00,0
13/11/2019,2:00,0
13/11/2019,3:00,0
13/11/2019,4:00,0
13/11/2019,5:00,0
13/11/2019,6:00,4
13/11/2019,7:00,0
13/11/2019,8:00,0
13/11/2019,9:00,0
13/11/2019,10:00,0
13/11/2019,11:00,0
13/11/2019,12:00,0
13/11/2019,13:00,0
13/11/2019,14:00,0
13/11/2019,15:00,0
13/11/2019,16:00,0
13/11/2019,17:00,0
13/11/2019,18:00,0
13/11/2019,19:00,0
13/11/2019,20:00,0
13/11/2019,21:00,1
13/11/2019,22:00,3
13/11/2019,23:00,0
14/11/2019,0:00,0
14/11/2019,1:00,0
14/11/2019,2:00,0
14/11/2019,3:00,0
14/11/2019,4:00,0
14/11/2019,5:00,0
14/11/2019,6:00,0
14/11/2019,7:00,2
14/11/2019,8:00,0
14/11/2019,9:00,0
14/11/2019,10:00,0
14/11/2019,11:00,0
14/11/2019,12:00,0
14/11/2019,13:00,0
14/11/2019,14:00,0
14/11/2019,15:00,3
14/11/2019,16:00,0
14/11/2019,17:00,0
14/11/2019,18:00,0
14/11/2019,19:00,0
14/11/2019,20:00,0
14/11/2019,21:00,0
14/11/2019,22:00,0
14/11/2019,23:00,0
15/11/2019,0:00,0
15/11/2019,1:00,0
15/11/2019,2:00,0
15/11/2019,3:00,0
15/11/2019,4:00,0
15/11/2019,5:00,0
15/11/2019,6:00,0
15/11/2019,7:00,0
15/11/2019,8:00,0
15/11/2019,9:00,0
15/11/2019,10:00,0
15/11/2019,11:00,0
15/11/2019,12:00,2
15/11/2019,13:00,3
15/11/2019,14:00,0
15/11/2019,15:00,3
15/11/2019,16:00,0
15/11/2019,17:00,0
15/11/2019,18:00,0
15/11/2019,19:00,0
15/11/2019,20:00,0
15/11/2019,21:00,0
15/11/2019,22:00,0
15/11/2019,23:00,0
16/11/2019,0:00,0
16/11/2019,1:00,0
16/11/2019,2:00,0
16/11/2019,3:00,0
16/11/2019,4:00,0
16/11/2019,5:00,0
16/11/2019,6:00,0
16/11/2019,7:00,2
16/11/2019,8:00,2
16/11/2019,9:00,5
16/11/2019,10:00,2
16/11/2019,11:00,2
16/11/2019,12:00,0
16/11/2019,13:00,0
16/11/2019,14:00,4
16/11/2019,15:00,3
16/11/2019,16:00,5
16/11/2019,17:00,0
16/11/2019,18:00,0
16/11/2019,19:00,0
16/11/2019,20:00,0
16/11/2019,21:00,0
16/11/2019,22:00,0
16/11/2019,23:00,0
17/11/2019,0:00,0
17/11/2019,1:00,0
17/11/2019,2:00,0
17/11/2019,3:00,0
17/11/2019,4:00,0
17/11/2019,5:00,0
17/11/2019,6:00,0
17/11/2019,7:00,2
17/11/2019,8:00,6
17/11/2019,9:00,4
17/11/2019,10:00,1
17/11/2019,11:00,2
17/11/2019,12:00,2
17/11/2019,13:00,0
17/11/2019,14:00,0
17/11/2019,15:00,0
17/11/2019,16:00,0
17/11/2019,17:00,0
17/11/2019,18:00,0
17/11/2019,19:00,3
17/11/2019,20:00,0
17/11/2019,21:00,0
17/11/2019,22:00,2
17/11/2019,23:00,0
18/11/2019,0:00,0
18/11/2019,1:00,0
18/11/2019,2:00,0
18/11/2019,3:00,0
18/11/2019,4:00,0
18/11/2019,5:00,0
18/11/2019,6:00,0
18/11/2019,7:00,0
18/11/2019,8:00,0
18/11/2019,9:00,0
18/11/2019,10:00,0
18/11/2019,11:00,2
18/11/2019,12:00,2
18/11/2019,13:00,1
18/11/2019,14:00,2
18/11/2019,15:00,3
18/11/2019,16:00,0
18/11/2019,17:00,0
18/11/2019,18:00,0
18/11/2019,19:00,0
18/11/2019,20:00,2
18/11/2019,21:00,0
18/11/2019,22:00,0
18/11/2019,23:00,0
19/11/2019,0:00,0
19/11/2019,1:00,0
19/11/2019,2:00,0
19/11/2019,3:00,0
19/11/2019,4:00,0
19/11/2019,5:00,0
19/11/2019,6:00,0
19/11/2019,7:00,0
19/11/2019,8:00,0
19/11/2019,9:00,0
19/11/2019,10:00,0
19/11/2019,11:00,1
19/11/2019,12:00,3
19/11/2019,13:00,0
19/11/2019,14:00,0
19/11/2019,15:00,0
19/11/2019,16:00,0
19/11/2019,17:00,0
19/11/2019,18:00,0
19/11/2019,19:00,1
19/11/2019,20:00,1
19/11/2019,21:00,0
19/11/2019,22:00,0
19/11/2019,23:00,0
20/11/2019,0:00,0
20/11/2019,1:00,0
20/11/2019,2:00,0
20/11/2019,3:00,0
20/11/2019,4:00,0
20/11/2019,5:00,0
20/11/2019,6:00,0
20/11/2019,7:00,0
20/11/2019,8:00,1
20/11/2019,9:00,1
20/11/2019,10:00,0
20/11/2019,11:00,1
20/11/2019,12:00,1
20/11/2019,13:00,2
20/11/2019,14:00,3
20/11/2019,15:00,0
20/11/2019,16:00,2
20/11/2019,17:00,0
20/11/2019,18:00,0
20/11/2019,19:00,3
20/11/2019,20:00,0
20/11/2019,21:00,0
20/11/2019,22:00,0
20/11/2019,23:00,0
21/11/2019,0:00,0
21/11/2019,1:00,0
21/11/2019,2:00,0
21/11/2019,3:00,0
21/11/2019,4:00,0
21/11/2019,5:00,0
21/11/2019,6:00,0
21/11/2019,7:00,0
21/11/2019,8:00,0
21/11/2019,9:00,0
21/11/2019,10:00,0
21/11/2019,11:00,0
21/11/2019,12:00,0
21/11/2019,13:00,0
21/11/2019,14:00,0
21/11/2019,15:00,0
21/11/2019,16:00,0
21/11/2019,17:00,0
21/11/2019,18:00,0
21/11/2019,19:00,1
21/11/2019,20:00,1
21/11/2019,21:00,0
21/11/2019,22:00,0
21/11/2019,23:00,0
22/11/2019,0:00,2
22/11/2019,1:00,0
22/11/2019,2:00,0
22/11/2019,3:00,0
22/11/2019,4:00,0
22/11/2019,5:00,0
22/11/2019,6:00,0
22/11/2019,7:00,0
22/11/2019,8:00,0
22/11/2019,9:00,0
22/11/2019,10:00,0
22/11/2019,11:00,0
22/11/2019,12:00,4
22/11/2019,13:00,2
22/11/2019,14:00,1
22/11/2019,15:00,1
22/11/2019,16:00,0
22/11/2019,17:00,0
22/11/2019,18:00,0
22/11/2019,19:00,0
22/11/2019,20:00,0
22/11/2019,21:00,0
22/11/2019,22:00,0
22/11/2019,23:00,0
23/11/2019,0:00,0
23/11/2019,1:00,0
23/11/2019,2:00,0
23/11/2019,3:00,0
23/11/2019,4:00,0
23/11/2019,5:00,0
23/11/2019,6:00,0
23/11/2019,7:00,0
23/11/2019,8:00,0
23/11/2019,9:00,0
23/11/2019,10:00,0
23/11/2019,11:00,0
23/11/2019,12:00,0
23/11/2019,13:00,0
23/11/2019,14:00,3
23/11/2019,15:00,3
23/11/2019,16:00,2
23/11/2019,17:00,0
23/11/2019,18:00,0
23/11/2019,19:00,0
23/11/2019,20:00,4
23/11/2019,21:00,0
23/11/2019,22:00,0
23/11/2019,23:00,0
24/11/2019,0:00,0
24/11/2019,1:00,0
24/11/2019,2:00,0
24/11/2019,3:00,0
24/11/2019,4:00,0
24/11/2019,5:00,0
24/11/2019,6:00,0
24/11/2019,7:00,3
24/11/2019,8:00,5
24/11/2019,9:00,1
24/11/2019,10:00,4
24/11/2019,11:00,7
24/11/2019,12:00,4
24/11/2019,13:00,0
24/11/2019,14:00,10
24/11/2019,15:00,16
24/11/2019,16:00,4
24/11/2019,17:00,0
24/11/2019,18:00,0
24/11/2019,19:00,0
24/11/2019,20:00,0
24/11/2019,21:00,0
24/11/2019,22:00,0
24/11/2019,23:00,0
25/11/2019,0:00,0
25/11/2019,1:00,0
25/11/2019,2:00,0
25/11/2019,3:00,0
25/11/2019,4:00,0
25/11/2019,5:00,1
25/11/2019,6:00,1
25/11/2019,7:00,0
25/11/2019,8:00,0
25/11/2019,9:00,0
25/11/2019,10:00,0
25/11/2019,11:00,0
25/11/2019,12:00,0
25/11/2019,13:00,1
25/11/2019,14:00,3
25/11/2019,15:00,7
25/11/2019,16:00,0
25/11/2019,17:00,0
25/11/2019,18:00,0
25/11/2019,19:00,0
25/11/2019,20:00,0
25/11/2019,21:00,0
25/11/2019,22:00,0
25/11/2019,23:00,0
26/11/2019,0:00,0
26/11/2019,1:00,0
26/11/2019,2:00,0
26/11/2019,3:00,0
26/11/2019,4:00,0
26/11/2019,5:00,0
26/11/2019,6:00,0
26/11/2019,7:00,0
26/11/2019,8:00,0
26/11/2019,9:00,0
26/11/2019,10:00,0
26/11/2019,11:00,0
26/11/2019,12:00,0
26/11/2019,13:00,0
26/11/2019,14:00,0
26/11/2019,15:00,2
26/11/2019,16:00,0
26/11/2019,17:00,0
26/11/2019,18:00,0
26/11/2019,19:00,0
26/11/2019,20:00,0
26/11/2019,21:00,0
26/11/2019,22:00,0
26/11/2019,23:00,0
27/11/2019,0:00,0
27/11/2019,1:00,0
27/11/2019,2:00,0
27/11/2019,3:00,0
27/11/2019,4:00,0
27/11/2019,5:00,0
27/11/2019,6:00,0
27/11/2019,7:00,1
27/11/2019,8:00,0
27/11/2019,9:00,0
27/11/2019,10:00,0
27/11/2019,11:00,0
27/11/2019,12:00,0
27/11/2019,13:00,0
27/11/2019,14:00,0
27/11/2019,15:00,0
27/11/2019,16:00,0
27/11/2019,17:00,0
27/11/2019,18:00,0
27/11/2019,19:00,0
27/11/2019,20:00,0
27/11/2019,21:00,0
27/11/2019,22:00,0
27/11/2019,23:00,0
28/11/2019,0:00,0
28/11/2019,1:00,0
28/11/2019,2:00,0
28/11/2019,3:00,0
28/11/2019,4:00,0
28/11/2019,5:00,0
28/11/2019,6:00,0
28/11/2019,7:00,1
28/11/2019,8:00,3
28/11/2019,9:00,4
28/11/2019,10:00,8
28/11/2019,11:00,0
28/11/2019,12:00,0
28/11/2019,13:00,0
28/11/2019,14:00,0
28/11/2019,15:00,6
28/11/2019,16:00,2
28/11/2019,17:00,0
28/11/2019,18:00,0
28/11/2019,19:00,0
28/11/2019,20:00,0
28/11/2019,21:00,0
28/11/2019,22:00,0
28/11/2019,23:00,2
29/11/2019,0:00,0
29/11/2019,1:00,0
29/11/2019,2:00,0
29/11/2019,3:00,0
29/11/2019,4:00,0
29/11/2019,5:00,0
29/11/2019,6:00,0
29/11/2019,7:00,0
29/11/2019,8:00,0
29/11/2019,9:00,0
29/11/2019,10:00,0
29/11/2019,11:00,2
29/11/2019,12:00,0
29/11/2019,13:00,1
29/11/2019,14:00,0
29/11/2019,15:00,1
29/11/2019,16:00,0
29/11/2019,17:00,0
29/11/2019,18:00,0
29/11/2019,19:00,1
29/11/2019,20:00,0
29/11/2019,21:00,0
29/11/2019,22:00,0
29/11/2019,23:00,0
30/11/2019,0:00,0
30/11/2019,1:00,0
30/11/2019,2:00,0
30/11/2019,3:00,0
30/11/2019,4:00,0
30/11/2019,5:00,0
30/11/2019,6:00,0
30/11/2019,7:00,0
30/11/2019,8:00,0
30/11/2019,9:00,0
30/11/2019,10:00,0
30/11/2019,11:00,2
30/11/2019,12:00,4
30/11/2019,13:00,3
30/11/2019,14:00,0
30/11/2019,15:00,0
30/11/2019,16:00,0
30/11/2019,17:00,0
30/11/2019,18:00,0
30/11/2019,19:00,0
30/11/2019,20:00,0
30/11/2019,21:00,0
30/11/2019,22:00,0
30/11/2019,23:00,0
1/12/2019,0:00,0
1/12/2019,1:00,0
1/12/2019,2:00,0
1/12/2019,3:00,0
1/12/2019,4:00,0
1/12/2019,5:00,0
1/12/2019,6:00,0
1/12/2019,7:00,0
1/12/2019,8:00,0
1/12/2019,9:00,0
1/12/2019,10:00,1
1/12/2019,11:00,0
1/12/2019,12:00,1
1/12/2019,13:00,1
1/12/2019,14:00,0
1/12/2019,15:00,7
1/12/2019,16:00,0
1/12/2019,17:00,0
1/12/2019,18:00,0
1/12/2019,19:00,0
1/12/2019,20:00,0
1/12/2019,21:00,0
1/12/2019,22:00,0
1/12/2019,23:00,0
2/12/2019,0:00,0
2/12/2019,1:00,0
2/12/2019,2:00,0
2/12/2019,3:00,0
2/12/2019,4:00,0
2/12/2019,5:00,2
2/12/2019,6:00,0
2/12/2019,7:00,0
2/12/2019,8:00,0
2/12/2019,9:00,0
2/12/2019,10:00,0
2/12/2019,11:00,2
2/12/2019,12:00,0
2/12/2019,13:00,0
2/12/2019,14:00,0
2/12/2019,15:00,0
2/12/2019,16:00,0
2/12/2019,17:00,0
2/12/2019,18:00,0
2/12/2019,19:00,0
2/12/2019,20:00,0
2/12/2019,21:00,0
2/12/2019,22:00,0
2/12/2019,23:00,0
3/12/2019,0:00,0
3/12/2019,1:00,0
3/12/2019,2:00,0
3/12/2019,3:00,0
3/12/2019,4:00,0
3/12/2019,5:00,3
3/12/2019,6:00,1
3/12/2019,7:00,0
3/12/2019,8:00,0
3/12/2019,9:00,0
3/12/2019,10:00,0
3/12/2019,11:00,0
3/12/2019,12:00,2
3/12/2019,13:00,2
3/12/2019,14:00,0
3/12/2019,15:00,0
3/12/2019,16:00,0
3/12/2019,17:00,0
3/12/2019,18:00,0
3/12/2019,19:00,0
3/12/2019,20:00,0
3/12/2019,21:00,0
3/12/2019,22:00,0
3/12/2019,23:00,2
4/12/2019,0:00,0
4/12/2019,1:00,0
4/12/2019,2:00,0
4/12/2019,3:00,0
4/12/2019,4:00,0
4/12/2019,5:00,0
4/12/2019,6:00,0
4/12/2019,7:00,2
4/12/2019,8:00,0
4/12/2019,9:00,2
4/12/2019,10:00,0
4/12/2019,11:00,0
4/12/2019,12:00,0
4/12/2019,13:00,4
4/12/2019,14:00,5
4/12/2019,15:00,3
4/12/2019,16:00,0
4/12/2019,17:00,0
4/12/2019,18:00,0
4/12/2019,19:00,0
4/12/2019,20:00,0
4/12/2019,21:00,0
4/12/2019,22:00,0
4/12/2019,23:00,0
5/12/2019,0:00,0
5/12/2019,1:00,0
5/12/2019,2:00,0
5/12/2019,3:00,0
5/12/2019,4:00,0
5/12/2019,5:00,2
5/12/2019,6:00,0
5/12/2019,7:00,0
5/12/2019,8:00,1
5/12/2019,9:00,0
5/12/2019,10:00,0
5/12/2019,11:00,2
5/12/2019,12:00,0
5/12/2019,13:00,4
5/12/2019,14:00,0
5/12/2019,15:00,1
5/12/2019,16:00,1
5/12/2019,17:00,0
5/12/2019,18:00,0
5/12/2019,19:00,0
5/12/2019,20:00,0
5/12/2019,21:00,0
5/12/2019,22:00,0
5/12/2019,23:00,0
6/12/2019,0:00,0
6/12/2019,1:00,0
6/12/2019,2:00,0
6/12/2019,3:00,0
6/12/2019,4:00,0
6/12/2019,5:00,0
6/12/2019,6:00,0
6/12/2019,7:00,0
6/12/2019,8:00,0
6/12/2019,9:00,0
6/12/2019,10:00,0
6/12/2019,11:00,0
6/12/2019,12:00,0
6/12/2019,13:00,0
6/12/2019,14:00,1
6/12/2019,15:00,0
6/12/2019,16:00,2
6/12/2019,17:00,0
6/12/2019,18:00,0
6/12/2019,19:00,0
6/12/2019,20:00,0
6/12/2019,21:00,0
6/12/2019,22:00,0
6/12/2019,23:00,0
7/12/2019,0:00,0
7/12/2019,1:00,0
7/12/2019,2:00,0
7/12/2019,3:00,0
7/12/2019,4:00,0
7/12/2019,5:00,2
7/12/2019,6:00,0
7/12/2019,7:00,0
7/12/2019,8:00,2
7/12/2019,9:00,2
7/12/2019,10:00,0
7/12/2019,11:00,0
7/12/2019,12:00,0
7/12/2019,13:00,0
7/12/2019,14:00,1
7/12/2019,15:00,3
7/12/2019,16:00,1
7/12/2019,17:00,0
7/12/2019,18:00,0
7/12/2019,19:00,0
7/12/2019,20:00,0
7/12/2019,21:00,0
7/12/2019,22:00,0
7/12/2019,23:00,0
8/12/2019,0:00,0
8/12/2019,1:00,0
8/12/2019,2:00,0
8/12/2019,3:00,0
8/12/2019,4:00,0
8/12/2019,5:00,0
8/12/2019,6:00,0
8/12/2019,7:00,0
8/12/2019,8:00,0
8/12/2019,9:00,2
8/12/2019,10:00,0
8/12/2019,11:00,5
8/12/2019,12:00,2
8/12/2019,13:00,3
8/12/2019,14:00,2
8/12/2019,15:00,6
8/12/2019,16:00,0
8/12/2019,17:00,0
8/12/2019,18:00,0
8/12/2019,19:00,0
8/12/2019,20:00,0
8/12/2019,21:00,0
8/12/2019,22:00,0
8/12/2019,23:00,0
9/12/2019,0:00,0
9/12/2019,1:00,0
9/12/2019,2:00,0
9/12/2019,3:00,0
9/12/2019,4:00,0
9/12/2019,5:00,0
9/12/2019,6:00,0
9/12/2019,7:00,0
9/12/2019,8:00,0
9/12/2019,9:00,0
9/12/2019,10:00,2
9/12/2019,11:00,1
9/12/2019,12:00,1
9/12/2019,13:00,0
9/12/2019,14:00,0
9/12/2019,15:00,3
9/12/2019,16:00,1
9/12/2019,17:00,0
9/12/2019,18:00,0
9/12/2019,19:00,0
9/12/2019,20:00,0
9/12/2019,21:00,0
9/12/2019,22:00,0
9/12/2019,23:00,0
10/12/2019,0:00,0
10/12/2019,1:00,0
10/12/2019,2:00,0
10/12/2019,3:00,0
10/12/2019,4:00,0
10/12/2019,5:00,1
10/12/2019,6:00,1
10/12/2019,7:00,0
10/12/2019,8:00,0
10/12/2019,9:00,0
10/12/2019,10:00,0
10/12/2019,11:00,0
10/12/2019,12:00,0
10/12/2019,13:00,7
10/12/2019,14:00,0
10/12/2019,15:00,0
10/12/2019,16:00,0
10/12/2019,17:00,0
10/12/2019,18:00,0
10/12/2019,19:00,0
10/12/2019,20:00,0
10/12/2019,21:00,0
10/12/2019,22:00,0
10/12/2019,23:00,0
11/12/2019,0:00,0
11/12/2019,1:00,0
11/12/2019,2:00,0
11/12/2019,3:00,0
11/12/2019,4:00,0
11/12/2019,5:00,0
11/12/2019,6:00,2
11/12/2019,7:00,0
11/12/2019,8:00,1
11/12/2019,9:00,0
11/12/2019,10:00,2
11/12/2019,11:00,0
11/12/2019,12:00,0
11/12/2019,13:00,0
11/12/2019,14:00,0
11/12/2019,15:00,1
11/12/2019,16:00,2
11/12/2019,17:00,0
11/12/2019,18:00,0
11/12/2019,19:00,0
11/12/2019,20:00,0
11/12/2019,21:00,0
11/12/2019,22:00,0
11/12/2019,23:00,0
12/12/2019,0:00,0
12/12/2019,1:00,0
12/12/2019,2:00,0
12/12/2019,3:00,0
12/12/2019,4:00,0
12/12/2019,5:00,1
12/12/2019,6:00,1
12/12/2019,7:00,0
12/12/2019,8:00,0
12/12/2019,9:00,0
12/12/2019,10:00,0
12/12/2019,11:00,1
12/12/2019,12:00,1
12/12/2019,13:00,3
12/12/2019,14:00,0
12/12/2019,15:00,0
12/12/2019,16:00,0
12/12/2019,17:00,0
12/12/2019,18:00,0
12/12/2019,19:00,0
12/12/2019,20:00,0
12/12/2019,21:00,0
12/12/2019,22:00,0
12/12/2019,23:00,0
13/12/2019,0:00,0
13/12/2019,1:00,0
13/12/2019,2:00,0
13/12/2019,3:00,0
13/12/2019,4:00,0
13/12/2019,5:00,2
13/12/2019,6:00,0
13/12/2019,7:00,0
13/12/2019,8:00,0
13/12/2019,9:00,2
13/12/2019,10:00,0
13/12/2019,11:00,4
13/12/2019,12:00,0
13/12/2019,13:00,3
13/12/2019,14:00,0
13/12/2019,15:00,0
13/12/2019,16:00,0
13/12/2019,17:00,0
13/12/2019,18:00,0
13/12/2019,19:00,0
13/12/2019,20:00,0
13/12/2019,21:00,0
13/12/2019,22:00,0
13/12/2019,23:00,0
14/12/2019,0:00,0
14/12/2019,1:00,0
14/12/2019,2:00,0
14/12/2019,3:00,0
14/12/2019,4:00,0
14/12/2019,5:00,0
14/12/2019,6:00,0
14/12/2019,7:00,0
14/12/2019,8:00,0
14/12/2019,9:00,1
14/12/2019,10:00,5
14/12/2019,11:00,1
14/12/2019,12:00,1
14/12/2019,13:00,2
14/12/2019,14:00,0
14/12/2019,15:00,5
14/12/2019,16:00,1
14/12/2019,17:00,0
14/12/2019,18:00,0
14/12/2019,19:00,0
14/12/2019,20:00,0
14/12/2019,21:00,0
14/12/2019,22:00,0
14/12/2019,23:00,0
15/12/2019,0:00,0
15/12/2019,1:00,0
15/12/2019,2:00,0
15/12/2019,3:00,0
15/12/2019,4:00,0
15/12/2019,5:00,0
15/12/2019,6:00,1
15/12/2019,7:00,2
15/12/2019,8:00,0
15/12/2019,9:00,1
15/12/2019,10:00,0
15/12/2019,11:00,3
15/12/2019,12:00,2
15/12/2019,13:00,2
15/12/2019,14:00,0
15/12/2019,15:00,5
15/12/2019,16:00,0
15/12/2019,17:00,0
15/12/2019,18:00,0
15/12/2019,19:00,0
15/12/2019,20:00,0
15/12/2019,21:00,0
15/12/2019,22:00,0
15/12/2019,23:00,0
16/12/2019,0:00,0
16/12/2019,1:00,0
16/12/2019,2:00,0
16/12/2019,3:00,0
16/12/2019,4:00,0
16/12/2019,5:00,0
16/12/2019,6:00,0
16/12/2019,7:00,0
16/12/2019,8:00,0
16/12/2019,9:00,0
16/12/2019,10:00,0
16/12/2019,11:00,0
16/12/2019,12:00,0
16/12/2019,13:00,0
16/12/2019,14:00,0
16/12/2019,15:00,0
16/12/2019,16:00,0
16/12/2019,17:00,0
16/12/2019,18:00,0
16/12/2019,19:00,0
16/12/2019,20:00,0
16/12/2019,21:00,0
16/12/2019,22:00,0
16/12/2019,23:00,2
17/12/2019,0:00,0
17/12/2019,1:00,0
17/12/2019,2:00,0
17/12/2019,3:00,0
17/12/2019,4:00,0
17/12/2019,5:00,0
17/12/2019,6:00,0
17/12/2019,7:00,0
17/12/2019,8:00,0
17/12/2019,9:00,0
17/12/2019,10:00,0
17/12/2019,11:00,1
17/12/2019,12:00,0
17/12/2019,13:00,0
17/12/2019,14:00,0
17/12/2019,15:00,0
17/12/2019,16:00,0
17/12/2019,17:00,0
17/12/2019,18:00,0
17/12/2019,19:00,0
17/12/2019,20:00,0
17/12/2019,21:00,0
17/12/2019,22:00,0
17/12/2019,23:00,0
18/12/2019,0:00,0
18/12/2019,1:00,0
18/12/2019,2:00,0
18/12/2019,3:00,0
18/12/2019,4:00,0
18/12/2019,5:00,0
18/12/2019,6:00,0
18/12/2019,7:00,0
18/12/2019,8:00,0
18/12/2019,9:00,0
18/12/2019,10:00,0
18/12/2019,11:00,0
18/12/2019,12:00,0
18/12/2019,13:00,0
18/12/2019,14:00,0
18/12/2019,15:00,0
18/12/2019,16:00,0
18/12/2019,17:00,0
18/12/2019,18:00,0
18/12/2019,19:00,0
18/12/2019,20:00,0
18/12/2019,21:00,0
18/12/2019,22:00,0
18/12/2019,23:00,0
19/12/2019,0:00,0
19/12/2019,1:00,0
19/12/2019,2:00,0
19/12/2019,3:00,0
19/12/2019,4:00,0
19/12/2019,5:00,1
19/12/2019,6:00,1
19/12/2019,7:00,0
19/12/2019,8:00,0
19/12/2019,9:00,0
19/12/2019,10:00,0
19/12/2019,11:00,0
19/12/2019,12:00,0
19/12/2019,13:00,0
19/12/2019,14:00,2
19/12/2019,15:00,0
19/12/2019,16:00,0
19/12/2019,17:00,2
19/12/2019,18:00,0
19/12/2019,19:00,0
19/12/2019,20:00,0
19/12/2019,21:00,0
19/12/2019,22:00,0
19/12/2019,23:00,0
20/12/2019,0:00,0
20/12/2019,1:00,0
20/12/2019,2:00,0
20/12/2019,3:00,0
20/12/2019,4:00,0
20/12/2019,5:00,0
20/12/2019,6:00,0
20/12/2019,7:00,0
20/12/2019,8:00,0
20/12/2019,9:00,0
20/12/2019,10:00,0
20/12/2019,11:00,0
20/12/2019,12:00,0
20/12/2019,13:00,0
20/12/2019,14:00,0
20/12/2019,15:00,0
20/12/2019,16:00,2
20/12/2019,17:00,0
20/12/2019,18:00,0
20/12/2019,19:00,0
20/12/2019,20:00,0
20/12/2019,21:00,0
20/12/2019,22:00,0
20/12/2019,23:00,0
21/12/2019,0:00,0
21/12/2019,1:00,0
21/12/2019,2:00,0
21/12/2019,3:00,0
21/12/2019,4:00,0
21/12/2019,5:00,0
21/12/2019,6:00,0
21/12/2019,7:00,0
21/12/2019,8:00,0
21/12/2019,9:00,6
21/12/2019,10:00,3
21/12/2019,11:00,7
21/12/2019,12:00,0
21/12/2019,13:00,10
21/12/2019,14:00,4
21/12/2019,15:00,4
21/12/2019,16:00,0
21/12/2019,17:00,0
21/12/2019,18:00,0
21/12/2019,19:00,0
21/12/2019,20:00,0
21/12/2019,21:00,0
21/12/2019,22:00,0
21/12/2019,23:00,0
22/12/2019,0:00,0
22/12/2019,1:00,0
22/12/2019,2:00,0
22/12/2019,3:00,0
22/12/2019,4:00,0
22/12/2019,5:00,0
22/12/2019,6:00,0
22/12/2019,7:00,2
22/12/2019,8:00,0
22/12/2019,9:00,2
22/12/2019,10:00,1
22/12/2019,11:00,3
22/12/2019,12:00,6
22/12/2019,13:00,15
22/12/2019,14:00,28
22/12/2019,15:00,8
22/12/2019,16:00,6
22/12/2019,17:00,0
22/12/2019,18:00,1
22/12/2019,19:00,0
22/12/2019,20:00,0
22/12/2019,21:00,0
22/12/2019,22:00,0
22/12/2019,23:00,0
23/12/2019,0:00,0
23/12/2019,1:00,0
23/12/2019,2:00,0
23/12/2019,3:00,0
23/12/2019,4:00,0
23/12/2019,5:00,0
23/12/2019,6:00,0
23/12/2019,7:00,2
23/12/2019,8:00,1
23/12/2019,9:00,4
23/12/2019,10:00,5
23/12/2019,11:00,8
23/12/2019,12:00,1
23/12/2019,13:00,5
23/12/2019,14:00,7
23/12/2019,15:00,25
23/12/2019,16:00,8
23/12/2019,17:00,0
23/12/2019,18:00,0
23/12/2019,19:00,0
23/12/2019,20:00,0
23/12/2019,21:00,0
23/12/2019,22:00,0
23/12/2019,23:00,0
24/12/2019,0:00,0
24/12/2019,1:00,0
24/12/2019,2:00,2
24/12/2019,3:00,0
24/12/2019,4:00,0
24/12/2019,5:00,0
24/12/2019,6:00,0
24/12/2019,7:00,7
24/12/2019,8:00,3
24/12/2019,9:00,3
24/12/2019,10:00,11
24/12/2019,11:00,0
24/12/2019,12:00,1
24/12/2019,13:00,20
24/12/2019,14:00,16
24/12/2019,15:00,22
24/12/2019,16:00,2
24/12/2019,17:00,0
24/12/2019,18:00,0
24/12/2019,19:00,0
24/12/2019,20:00,0
24/12/2019,21:00,0
24/12/2019,22:00,0
24/12/2019,23:00,0
25/12/2019,0:00,0
25/12/2019,1:00,0
25/12/2019,2:00,0
25/12/2019,3:00,0
25/12/2019,4:00,0
25/12/2019,5:00,0
25/12/2019,6:00,0
25/12/2019,7:00,0
25/12/2019,8:00,0
25/12/2019,9:00,4
25/12/2019,10:00,10
25/12/2019,11:00,6
25/12/2019,12:00,31
25/12/2019,13:00,21
25/12/2019,14:00,23
25/12/2019,15:00,9
25/12/2019,16:00,13
25/12/2019,17:00,8
25/12/2019,18:00,0
25/12/2019,19:00,0
25/12/2019,20:00,0
25/12/2019,21:00,0
25/12/2019,22:00,0
25/12/2019,23:00,0
26/12/2019,0:00,0
26/12/2019,1:00,0
26/12/2019,2:00,0
26/12/2019,3:00,0
26/12/2019,4:00,0
26/12/2019,5:00,0
26/12/2019,6:00,0
26/12/2019,7:00,0
26/12/2019,8:00,7
26/12/2019,9:00,9
26/12/2019,10:00,1
26/12/2019,11:00,12
26/12/2019,12:00,10
26/12/2019,13:00,8
26/12/2019,14:00,12
26/12/2019,15:00,17
26/12/2019,16:00,20
26/12/2019,17:00,2
26/12/2019,18:00,0
26/12/2019,19:00,0
26/12/2019,20:00,0
26/12/2019,21:00,0
26/12/2019,22:00,0
26/12/2019,23:00,0
27/12/2019,0:00,0
27/12/2019,1:00,4
27/12/2019,2:00,0
27/12/2019,3:00,0
27/12/2019,4:00,0
27/12/2019,5:00,0
27/12/2019,6:00,0
27/12/2019,7:00,0
27/12/2019,8:00,6
27/12/2019,9:00,10
27/12/2019,10:00,2
27/12/2019,11:00,3
27/12/2019,12:00,0
27/12/2019,13:00,1
27/12/2019,14:00,1
27/12/2019,15:00,4
27/12/2019,16:00,8
27/12/2019,17:00,2
27/12/2019,18:00,0
27/12/2019,19:00,0
27/12/2019,20:00,0
27/12/2019,21:00,0
27/12/2019,22:00,0
27/12/2019,23:00,0
28/12/2019,0:00,0
28/12/2019,1:00,0
28/12/2019,2:00,0
28/12/2019,3:00,0
28/12/2019,4:00,0
28/12/2019,5:00,0
28/12/2019,6:00,0
28/12/2019,7:00,0
28/12/2019,8:00,7
28/12/2019,9:00,1
28/12/2019,10:00,2
28/12/2019,11:00,1
28/12/2019,12:00,2
28/12/2019,13:00,4
28/12/2019,14:00,0
28/12/2019,15:00,0
28/12/2019,16:00,5
28/12/2019,17:00,0
28/12/2019,18:00,0
28/12/2019,19:00,0
28/12/2019,20:00,0
28/12/2019,21:00,0
28/12/2019,22:00,0
28/12/2019,23:00,0
29/12/2019,0:00,0
29/12/2019,1:00,0
29/12/2019,2:00,0
29/12/2019,3:00,0
29/12/2019,4:00,0
29/12/2019,5:00,0
29/12/2019,6:00,0
29/12/2019,7:00,0
29/12/2019,8:00,0
29/12/2019,9:00,3
29/12/2019,10:00,5
29/12/2019,11:00,1
29/12/2019,12:00,0
29/12/2019,13:00,10
29/12/2019,14:00,5
29/12/2019,15:00,5
29/12/2019,16:00,8
29/12/2019,17:00,0
29/12/2019,18:00,0
29/12/2019,19:00,0
29/12/2019,20:00,0
29/12/2019,21:00,0
29/12/2019,22:00,0
29/12/2019,23:00,0
30/12/2019,0:00,0
30/12/2019,1:00,0
30/12/2019,2:00,0
30/12/2019,3:00,0
30/12/2019,4:00,0
30/12/2019,5:00,0
30/12/2019,6:00,0
30/12/2019,7:00,1
30/12/2019,8:00,1
30/12/2019,9:00,0
30/12/2019,10:00,0
30/12/2019,11:00,0
30/12/2019,12:00,0
30/12/2019,13:00,0
30/12/2019,14:00,6
30/12/2019,15:00,1
30/12/2019,16:00,0
30/12/2019,17:00,0
30/12/2019,18:00,0
30/12/2019,19:00,0
30/12/2019,20:00,0
30/12/2019,21:00,0
30/12/2019,22:00,0
30/12/2019,23:00,0
31/12/2019,0:00,0
31/12/2019,1:00,0
31/12/2019,2:00,0
31/12/2019,3:00,0
31/12/2019,4:00,0
31/12/2019,5:00,0
31/12/2019,6:00,0
31/12/2019,7:00,0
31/12/2019,8:00,2
31/12/2019,9:00,0
31/12/2019,10:00,3
31/12/2019,11:00,0
31/12/2019,12:00,0
31/12/2019,13:00,2
31/12/2019,14:00,0
31/12/2019,15:00,0
31/12/2019,16:00,0
31/12/2019,17:00,0
31/12/2019,18:00,0
31/12/2019,19:00,0
31/12/2019,20:00,0
31/12/2019,21:00,0
31/12/2019,22:00,0
31/12/2019,23:00,0
1/1/2020,0:00,0
1/1/2020,1:00,0
1/1/2020,2:00,0
1/1/2020,3:00,0
1/1/2020,4:00,0
1/1/2020,5:00,0
1/1/2020,6:00,0
1/1/2020,7:00,0
1/1/2020,8:00,0
1/1/2020,9:00,0
1/1/2020,10:00,0
1/1/2020,11:00,1
1/1/2020,12:00,3
1/1/2020,13:00,4
1/1/2020,14:00,4
1/1/2020,15:00,8
1/1/2020,16:00,2
1/1/2020,17:00,0
1/1/2020,18:00,0
1/1/2020,19:00,0
1/1/2020,20:00,0
1/1/2020,21:00,0
1/1/2020,22:00,0
1/1/2020,23:00,0
2/1/2020,0:00,0
2/1/2020,1:00,0
2/1/2020,2:00,0
2/1/2020,3:00,0
2/1/2020,4:00,0
2/1/2020,5:00,0
2/1/2020,6:00,2
2/1/2020,7:00,0
2/1/2020,8:00,0
2/1/2020,9:00,0
2/1/2020,10:00,0
2/1/2020,11:00,2
2/1/2020,12:00,0
2/1/2020,13:00,22
2/1/2020,14:00,0
2/1/2020,15:00,4
2/1/2020,16:00,0
2/1/2020,17:00,0
2/1/2020,18:00,0
2/1/2020,19:00,0
2/1/2020,20:00,0
2/1/2020,21:00,0
2/1/2020,22:00,0
2/1/2020,23:00,0
3/1/2020,0:00,0
3/1/2020,1:00,0
3/1/2020,2:00,0
3/1/2020,3:00,0
3/1/2020,4:00,0
3/1/2020,5:00,0
3/1/2020,6:00,0
3/1/2020,7:00,0
3/1/2020,8:00,0
3/1/2020,9:00,0
3/1/2020,10:00,0
3/1/2020,11:00,3
3/1/2020,12:00,3
3/1/2020,13:00,0
3/1/2020,14:00,2
3/1/2020,15:00,0
3/1/2020,16:00,2
3/1/2020,17:00,1
3/1/2020,18:00,1
3/1/2020,19:00,0
3/1/2020,20:00,0
3/1/2020,21:00,0
3/1/2020,22:00,0
3/1/2020,23:00,0
4/1/2020,0:00,0
4/1/2020,1:00,0
4/1/2020,2:00,0
4/1/2020,3:00,0
4/1/2020,4:00,0
4/1/2020,5:00,0
4/1/2020,6:00,0
4/1/2020,7:00,0
4/1/2020,8:00,0
4/1/2020,9:00,2
4/1/2020,10:00,2
4/1/2020,11:00,0
4/1/2020,12:00,0
4/1/2020,13:00,0
4/1/2020,14:00,1
4/1/2020,15:00,0
4/1/2020,16:00,0
4/1/2020,17:00,0
4/1/2020,18:00,0
4/1/2020,19:00,0
4/1/2020,20:00,0
4/1/2020,21:00,0
4/1/2020,22:00,0
4/1/2020,23:00,0
5/1/2020,0:00,0
5/1/2020,1:00,0
5/1/2020,2:00,0
5/1/2020,3:00,0
5/1/2020,4:00,0
5/1/2020,5:00,0
5/1/2020,6:00,0
5/1/2020,7:00,0
5/1/2020,8:00,2
5/1/2020,9:00,0
5/1/2020,10:00,1
5/1/2020,11:00,5
5/1/2020,12:00,2
5/1/2020,13:00,3
5/1/2020,14:00,17
5/1/2020,15:00,7
5/1/2020,16:00,2
5/1/2020,17:00,3
5/1/2020,18:00,0
5/1/2020,19:00,0
5/1/2020,20:00,0
5/1/2020,21:00,0
5/1/2020,22:00,0
5/1/2020,23:00,0
6/1/2020,0:00,0
6/1/2020,1:00,0
6/1/2020,2:00,0
6/1/2020,3:00,0
6/1/2020,4:00,0
6/1/2020,5:00,0
6/1/2020,6:00,2
6/1/2020,7:00,2
6/1/2020,8:00,0
6/1/2020,9:00,0
6/1/2020,10:00,0
6/1/2020,11:00,0
6/1/2020,12:00,2
6/1/2020,13:00,2
6/1/2020,14:00,2
6/1/2020,15:00,6
6/1/2020,16:00,3
6/1/2020,17:00,0
6/1/2020,18:00,0
6/1/2020,19:00,0
6/1/2020,20:00,0
6/1/2020,21:00,0
6/1/2020,22:00,0
6/1/2020,23:00,0
7/1/2020,0:00,0
7/1/2020,1:00,0
7/1/2020,2:00,0
7/1/2020,3:00,0
7/1/2020,4:00,0
7/1/2020,5:00,0
7/1/2020,6:00,0
7/1/2020,7:00,0
7/1/2020,8:00,0
7/1/2020,9:00,0
7/1/2020,10:00,0
7/1/2020,11:00,0
7/1/2020,12:00,3
7/1/2020,13:00,2
7/1/2020,14:00,2
7/1/2020,15:00,1
7/1/2020,16:00,4
7/1/2020,17:00,0
7/1/2020,18:00,0
7/1/2020,19:00,0
7/1/2020,20:00,0
7/1/2020,21:00,0
7/1/2020,22:00,0
7/1/2020,23:00,0
8/1/2020,0:00,0
8/1/2020,1:00,0
8/1/2020,2:00,0
8/1/2020,3:00,0
8/1/2020,4:00,0
8/1/2020,5:00,0
8/1/2020,6:00,2
8/1/2020,7:00,0
8/1/2020,8:00,0
8/1/2020,9:00,0
8/1/2020,10:00,1
8/1/2020,11:00,1
8/1/2020,12:00,1
8/1/2020,13:00,0
8/1/2020,14:00,0
8/1/2020,15:00,0
8/1/2020,16:00,0
8/1/2020,17:00,0
8/1/2020,18:00,0
8/1/2020,19:00,0
8/1/2020,20:00,0
8/1/2020,21:00,0
8/1/2020,22:00,0
8/1/2020,23:00,0
9/1/2020,0:00,2
9/1/2020,1:00,0
9/1/2020,2:00,0
9/1/2020,3:00,0
9/1/2020,4:00,0
9/1/2020,5:00,1
9/1/2020,6:00,1
9/1/2020,7:00,0
9/1/2020,8:00,0
9/1/2020,9:00,0
9/1/2020,10:00,0
9/1/2020,11:00,0
9/1/2020,12:00,0
9/1/2020,13:00,0
9/1/2020,14:00,4
9/1/2020,15:00,1
9/1/2020,16:00,2
9/1/2020,17:00,0
9/1/2020,18:00,0
9/1/2020,19:00,0
9/1/2020,20:00,0
9/1/2020,21:00,0
9/1/2020,22:00,0
9/1/2020,23:00,0
10/1/2020,0:00,0
10/1/2020,1:00,0
10/1/2020,2:00,0
10/1/2020,3:00,0
10/1/2020,4:00,0
10/1/2020,5:00,0
10/1/2020,6:00,0
10/1/2020,7:00,0
10/1/2020,8:00,3
10/1/2020,9:00,1
10/1/2020,10:00,0
10/1/2020,11:00,0
10/1/2020,12:00,2
10/1/2020,13:00,0
10/1/2020,14:00,0
10/1/2020,15:00,0
10/1/2020,16:00,0
10/1/2020,17:00,0
10/1/2020,18:00,0
10/1/2020,19:00,0
10/1/2020,20:00,0
10/1/2020,21:00,0
10/1/2020,22:00,0
10/1/2020,23:00,0
11/1/2020,0:00,0
11/1/2020,1:00,0
11/1/2020,2:00,0
11/1/2020,3:00,0
11/1/2020,4:00,0
11/1/2020,5:00,0
11/1/2020,6:00,0
11/1/2020,7:00,0
11/1/2020,8:00,0
11/1/2020,9:00,1
11/1/2020,10:00,2
11/1/2020,11:00,0
11/1/2020,12:00,0
11/1/2020,13:00,1
11/1/2020,14:00,1
11/1/2020,15:00,3
11/1/2020,16:00,0
11/1/2020,17:00,0
11/1/2020,18:00,0
11/1/2020,19:00,0
11/1/2020,20:00,0
11/1/2020,21:00,0
11/1/2020,22:00,0
11/1/2020,23:00,0
12/1/2020,0:00,0
12/1/2020,1:00,0
12/1/2020,2:00,0
12/1/2020,3:00,0
12/1/2020,4:00,0
12/1/2020,5:00,0
12/1/2020,6:00,0
12/1/2020,7:00,0
12/1/2020,8:00,3
12/1/2020,9:00,1
12/1/2020,10:00,0
12/1/2020,11:00,0
12/1/2020,12:00,0
12/1/2020,13:00,0
12/1/2020,14:00,364
12/1/2020,15:00,86
12/1/2020,16:00,596
12/1/2020,17:00,912
12/1/2020,18:00,221
12/1/2020,19:00,193
12/1/2020,20:00,158
12/1/2020,21:00,52
12/1/2020,22:00,222
12/1/2020,23:00,14
13/01/2020,0:00,103
13/01/2020,1:00,575
13/01/2020,2:00,262
13/01/2020,3:00,130
13/01/2020,4:00,424
13/01/2020,5:00,208
13/01/2020,6:00,6
13/01/2020,7:00,13
13/01/2020,8:00,13
13/01/2020,9:00,4
13/01/2020,10:00,20
13/01/2020,11:00,21
13/01/2020,12:00,4
13/01/2020,13:00,41
13/01/2020,14:00,2
13/01/2020,15:00,28
13/01/2020,16:00,2
13/01/2020,17:00,4
13/01/2020,18:00,7
13/01/2020,19:00,38
13/01/2020,20:00,62
13/01/2020,21:00,28
13/01/2020,22:00,4
13/01/2020,23:00,4
14/01/2020,0:00,6
14/01/2020,1:00,4
14/01/2020,2:00,0
14/01/2020,3:00,0
14/01/2020,4:00,2
14/01/2020,5:00,2
14/01/2020,6:00,101
14/01/2020,7:00,21
14/01/2020,8:00,21
14/01/2020,9:00,93
14/01/2020,10:00,45
14/01/2020,11:00,27
14/01/2020,12:00,4
14/01/2020,13:00,2
14/01/2020,14:00,29
14/01/2020,15:00,0
14/01/2020,16:00,0
14/01/2020,17:00,40
14/01/2020,18:00,4
14/01/2020,19:00,30
14/01/2020,20:00,54
14/01/2020,21:00,21
14/01/2020,22:00,6
14/01/2020,23:00,4
15/01/2020,0:00,35
15/01/2020,1:00,6
15/01/2020,2:00,0
15/01/2020,3:00,2
15/01/2020,4:00,2
15/01/2020,5:00,0
15/01/2020,6:00,0
15/01/2020,7:00,0
15/01/2020,8:00,0
15/01/2020,9:00,0
15/01/2020,10:00,0
15/01/2020,11:00,32
15/01/2020,12:00,32
15/01/2020,13:00,10
15/01/2020,14:00,0
15/01/2020,15:00,28
15/01/2020,16:00,2
15/01/2020,17:00,6
15/01/2020,18:00,0
15/01/2020,19:00,4
15/01/2020,20:00,2
15/01/2020,21:00,4
15/01/2020,22:00,65
15/01/2020,23:00,54
16/01/2020,0:00,2
16/01/2020,1:00,0
16/01/2020,2:00,0
16/01/2020,3:00,25
16/01/2020,4:00,6
16/01/2020,5:00,9
16/01/2020,6:00,357
16/01/2020,7:00,77
16/01/2020,8:00,10
16/01/2020,9:00,104
16/01/2020,10:00,187
16/01/2020,11:00,2
16/01/2020,12:00,8
16/01/2020,13:00,7
16/01/2020,14:00,2
16/01/2020,15:00,0
16/01/2020,16:00,20
16/01/2020,17:00,4
16/01/2020,18:00,31
16/01/2020,19:00,149
16/01/2020,20:00,0
16/01/2020,21:00,0
16/01/2020,22:00,0
16/01/2020,23:00,4
17/01/2020,0:00,2
17/01/2020,1:00,0
17/01/2020,2:00,2
17/01/2020,3:00,0
17/01/2020,4:00,0
17/01/2020,5:00,2
17/01/2020,6:00,3
17/01/2020,7:00,0
17/01/2020,8:00,0
17/01/2020,9:00,0
17/01/2020,10:00,0
17/01/2020,11:00,0
17/01/2020,12:00,0
17/01/2020,13:00,28
17/01/2020,14:00,4
17/01/2020,15:00,5
17/01/2020,16:00,316
17/01/2020,17:00,0
17/01/2020,18:00,12
17/01/2020,19:00,324
17/01/2020,20:00,329
17/01/2020,21:00,82
17/01/2020,22:00,23
17/01/2020,23:00,0
18/01/2020,0:00,24
18/01/2020,1:00,34
18/01/2020,2:00,10
18/01/2020,3:00,0
18/01/2020,4:00,4
18/01/2020,5:00,0
18/01/2020,6:00,13
18/01/2020,7:00,0
18/01/2020,8:00,0
18/01/2020,9:00,0
18/01/2020,10:00,0
18/01/2020,11:00,0
18/01/2020,12:00,7
18/01/2020,13:00,0
18/01/2020,14:00,4
18/01/2020,15:00,17
18/01/2020,16:00,22
18/01/2020,17:00,0
18/01/2020,18:00,4
18/01/2020,19:00,2
18/01/2020,20:00,12
18/01/2020,21:00,2
18/01/2020,22:00,10
18/01/2020,23:00,0
19/01/2020,0:00,2
19/01/2020,1:00,40
19/01/2020,2:00,404
19/01/2020,3:00,157
19/01/2020,4:00,144
19/01/2020,5:00,54
19/01/2020,6:00,94
19/01/2020,7:00,173
19/01/2020,8:00,126
19/01/2020,9:00,63
19/01/2020,10:00,132
19/01/2020,11:00,436
19/01/2020,12:00,1705
19/01/2020,13:00,687
19/01/2020,14:00,1245
19/01/2020,15:00,2442
19/01/2020,16:00,1095
19/01/2020,17:00,384
19/01/2020,18:00,352
19/01/2020,19:00,429
19/01/2020,20:00,671
19/01/2020,21:00,2156
19/01/2020,22:00,1609
19/01/2020,23:00,681
20/01/2020,0:00,295
20/01/2020,1:00,616
20/01/2020,2:00,752
20/01/2020,3:00,353
20/01/2020,4:00,1823
20/01/2020,5:00,359
20/01/2020,6:00,258
20/01/2020,7:00,310
20/01/2020,8:00,469
20/01/2020,9:00,158
20/01/2020,10:00,207
20/01/2020,11:00,1330
20/01/2020,12:00,3064
20/01/2020,13:00,1410
20/01/2020,14:00,35
20/01/2020,15:00,1
20/01/2020,16:00,0
20/01/2020,17:00,0
20/01/2020,18:00,0
20/01/2020,19:00,2
20/01/2020,20:00,202
20/01/2020,21:00,879
20/01/2020,22:00,137
20/01/2020,23:00,268
21/01/2020,0:00,149
21/01/2020,1:00,423
21/01/2020,2:00,201
21/01/2020,3:00,55
21/01/2020,4:00,43
21/01/2020,5:00,9
21/01/2020,6:00,8
21/01/2020,7:00,1
21/01/2020,8:00,12
21/01/2020,9:00,586
21/01/2020,10:00,463
21/01/2020,11:00,33
21/01/2020,12:00,2
21/01/2020,13:00,0
21/01/2020,14:00,2
21/01/2020,15:00,18
21/01/2020,16:00,0
21/01/2020,17:00,23
21/01/2020,18:00,24
21/01/2020,19:00,2
21/01/2020,20:00,0
21/01/2020,21:00,10
21/01/2020,22:00,0
21/01/2020,23:00,2
22/01/2020,0:00,2
22/01/2020,1:00,0
22/01/2020,2:00,3
22/01/2020,3:00,0
22/01/2020,4:00,0
22/01/2020,5:00,0
22/01/2020,6:00,29
22/01/2020,7:00,0
22/01/2020,8:00,0
22/01/2020,9:00,2
22/01/2020,10:00,4
22/01/2020,11:00,4
22/01/2020,12:00,4
22/01/2020,13:00,32
22/01/2020,14:00,4
22/01/2020,15:00,0
22/01/2020,16:00,4
22/01/2020,17:00,4
22/01/2020,18:00,28
22/01/2020,19:00,19
22/01/2020,20:00,21
22/01/2020,21:00,4
22/01/2020,22:00,6
22/01/2020,23:00,2
23/01/2020,0:00,14
23/01/2020,1:00,35
23/01/2020,2:00,35
23/01/2020,3:00,40
23/01/2020,4:00,42
23/01/2020,5:00,34
23/01/2020,6:00,115
23/01/2020,7:00,46
23/01/2020,8:00,18
23/01/2020,9:00,37
23/01/2020,10:00,59
23/01/2020,11:00,0
23/01/2020,12:00,2
23/01/2020,13:00,6
23/01/2020,14:00,9
23/01/2020,15:00,4
23/01/2020,16:00,30
23/01/2020,17:00,4
23/01/2020,18:00,0
23/01/2020,19:00,4
23/01/2020,20:00,41
23/01/2020,21:00,2
23/01/2020,22:00,60
23/01/2020,23:00,8
24/01/2020,0:00,6
24/01/2020,1:00,2
24/01/2020,2:00,40
24/01/2020,3:00,2
24/01/2020,4:00,2
24/01/2020,5:00,15
24/01/2020,6:00,2
24/01/2020,7:00,22
24/01/2020,8:00,2
24/01/2020,9:00,0
24/01/2020,10:00,0
24/01/2020,11:00,0
24/01/2020,12:00,0
24/01/2020,13:00,0
24/01/2020,14:00,0
24/01/2020,15:00,0
24/01/2020,16:00,38
24/01/2020,17:00,0
24/01/2020,18:00,23
24/01/2020,19:00,0
24/01/2020,20:00,0
24/01/2020,21:00,24
24/01/2020,22:00,2
24/01/2020,23:00,2
25/01/2020,0:00,6
25/01/2020,1:00,24
25/01/2020,2:00,3
25/01/2020,3:00,9
25/01/2020,4:00,4
25/01/2020,5:00,0
25/01/2020,6:00,0
25/01/2020,7:00,2
25/01/2020,8:00,4
25/01/2020,9:00,2
25/01/2020,10:00,21
25/01/2020,11:00,2
25/01/2020,12:00,2
25/01/2020,13:00,0
25/01/2020,14:00,2
25/01/2020,15:00,2
25/01/2020,16:00,2
25/01/2020,17:00,2
25/01/2020,18:00,2
25/01/2020,19:00,0
25/01/2020,20:00,0
25/01/2020,21:00,0
25/01/2020,22:00,0
25/01/2020,23:00,2
26/01/2020,0:00,0
26/01/2020,1:00,0
26/01/2020,2:00,43
26/01/2020,3:00,0
26/01/2020,4:00,0
26/01/2020,5:00,0
26/01/2020,6:00,11
26/01/2020,7:00,6
26/01/2020,8:00,4
26/01/2020,9:00,15
26/01/2020,10:00,25
26/01/2020,11:00,49
26/01/2020,12:00,51
26/01/2020,13:00,10
26/01/2020,14:00,10
26/01/2020,15:00,21
26/01/2020,16:00,8
26/01/2020,17:00,25
26/01/2020,18:00,19
26/01/2020,19:00,59
26/01/2020,20:00,34
26/01/2020,21:00,31
26/01/2020,22:00,6
26/01/2020,23:00,23
27/01/2020,0:00,33
27/01/2020,1:00,23
27/01/2020,2:00,99
27/01/2020,3:00,39
27/01/2020,4:00,20
27/01/2020,5:00,86
27/01/2020,6:00,4
27/01/2020,7:00,25
27/01/2020,8:00,8
27/01/2020,9:00,48
27/01/2020,10:00,39
27/01/2020,11:00,34
27/01/2020,12:00,25
27/01/2020,13:00,17
27/01/2020,14:00,59
27/01/2020,15:00,42
27/01/2020,16:00,36
27/01/2020,17:00,46
27/01/2020,18:00,36
27/01/2020,19:00,37
27/01/2020,20:00,33
27/01/2020,21:00,26
27/01/2020,22:00,22
27/01/2020,23:00,56
28/01/2020,0:00,84
28/01/2020,1:00,39
28/01/2020,2:00,6
28/01/2020,3:00,4
28/01/2020,4:00,4
28/01/2020,5:00,14
28/01/2020,6:00,2
28/01/2020,7:00,0
28/01/2020,8:00,2
28/01/2020,9:00,2
28/01/2020,10:00,4
28/01/2020,11:00,2
28/01/2020,12:00,2
28/01/2020,13:00,2
28/01/2020,14:00,0
28/01/2020,15:00,0
28/01/2020,16:00,0
28/01/2020,17:00,2
28/01/2020,18:00,5
28/01/2020,19:00,2
28/01/2020,20:00,24
28/01/2020,21:00,2
28/01/2020,22:00,0
28/01/2020,23:00,2
29/01/2020,0:00,2
29/01/2020,1:00,0
29/01/2020,2:00,12
29/01/2020,3:00,14
29/01/2020,4:00,2
29/01/2020,5:00,0
29/01/2020,6:00,4
29/01/2020,7:00,4
29/01/2020,8:00,6
29/01/2020,9:00,2
29/01/2020,10:00,24
29/01/2020,11:00,0
29/01/2020,12:00,4
29/01/2020,13:00,0
29/01/2020,14:00,0
29/01/2020,15:00,0
29/01/2020,16:00,0
29/01/2020,17:00,2
29/01/2020,18:00,0
29/01/2020,19:00,19
29/01/2020,20:00,2
29/01/2020,21:00,0
29/01/2020,22:00,2
29/01/2020,23:00,30
30/01/2020,0:00,0
30/01/2020,1:00,23
30/01/2020,2:00,2
30/01/2020,3:00,4
30/01/2020,4:00,0
30/01/2020,5:00,0
30/01/2020,6:00,3
30/01/2020,7:00,2
30/01/2020,8:00,0
30/01/2020,9:00,35
30/01/2020,10:00,8
30/01/2020,11:00,0
30/01/2020,12:00,0
30/01/2020,13:00,0
30/01/2020,14:00,0
30/01/2020,15:00,0
30/01/2020,16:00,47
30/01/2020,17:00,0
30/01/2020,18:00,0
30/01/2020,19:00,0
30/01/2020,20:00,31
30/01/2020,21:00,0
30/01/2020,22:00,0
30/01/2020,23:00,2
31/01/2020,0:00,0
31/01/2020,1:00,2
31/01/2020,2:00,2
31/01/2020,3:00,0
31/01/2020,4:00,0
31/01/2020,5:00,8
31/01/2020,6:00,10
31/01/2020,7:00,2
31/01/2020,8:00,12
31/01/2020,9:00,0
31/01/2020,10:00,21
31/01/2020,11:00,0
31/01/2020,12:00,2
31/01/2020,13:00,0
31/01/2020,14:00,0
31/01/2020,15:00,2
31/01/2020,16:00,0
31/01/2020,17:00,2
31/01/2020,18:00,0
31/01/2020,19:00,0
31/01/2020,20:00,11
31/01/2020,21:00,0
31/01/2020,22:00,31
31/01/2020,23:00,0
1/2/2020,0:00,8
1/2/2020,1:00,0
1/2/2020,2:00,57
1/2/2020,3:00,9
1/2/2020,4:00,4
1/2/2020,5:00,0
1/2/2020,6:00,0
1/2/2020,7:00,4
1/2/2020,8:00,0
1/2/2020,9:00,2
1/2/2020,10:00,38
1/2/2020,11:00,0
1/2/2020,12:00,2
1/2/2020,13:00,0
1/2/2020,14:00,4
1/2/2020,15:00,2
1/2/2020,16:00,0
1/2/2020,17:00,4
1/2/2020,18:00,2
1/2/2020,19:00,4
1/2/2020,20:00,0
1/2/2020,21:00,8
1/2/2020,22:00,4
1/2/2020,23:00,2
2/2/2020,0:00,6
2/2/2020,1:00,8
2/2/2020,2:00,7
2/2/2020,3:00,0
2/2/2020,4:00,4
2/2/2020,5:00,0
2/2/2020,6:00,4
2/2/2020,7:00,2
2/2/2020,8:00,0
2/2/2020,9:00,2
2/2/2020,10:00,0
2/2/2020,11:00,2
2/2/2020,12:00,0
2/2/2020,13:00,2
2/2/2020,14:00,0
2/2/2020,15:00,0
2/2/2020,16:00,0
2/2/2020,17:00,0
2/2/2020,18:00,2
2/2/2020,19:00,24
2/2/2020,20:00,0
2/2/2020,21:00,2
2/2/2020,22:00,2
2/2/2020,23:00,2
3/2/2020,0:00,2
3/2/2020,1:00,35
3/2/2020,2:00,4
3/2/2020,3:00,4
3/2/2020,4:00,6
3/2/2020,5:00,2
3/2/2020,6:00,62
3/2/2020,7:00,0
3/2/2020,8:00,28
3/2/2020,9:00,2
3/2/2020,10:00,4
3/2/2020,11:00,0
3/2/2020,12:00,6
3/2/2020,13:00,2
3/2/2020,14:00,0
3/2/2020,15:00,2
3/2/2020,16:00,0
3/2/2020,17:00,0
3/2/2020,18:00,0
3/2/2020,19:00,0
3/2/2020,20:00,4
3/2/2020,21:00,28
3/2/2020,22:00,2
3/2/2020,23:00,18
4/2/2020,0:00,0
4/2/2020,1:00,2
4/2/2020,2:00,0
4/2/2020,3:00,2
4/2/2020,4:00,0
4/2/2020,5:00,0
4/2/2020,6:00,6
4/2/2020,7:00,2
4/2/2020,8:00,2
4/2/2020,9:00,0
4/2/2020,10:00,8
4/2/2020,11:00,8
4/2/2020,12:00,4
4/2/2020,13:00,6
4/2/2020,14:00,0
4/2/2020,15:00,6
4/2/2020,16:00,0
4/2/2020,17:00,2
4/2/2020,18:00,4
4/2/2020,19:00,0
4/2/2020,20:00,2
4/2/2020,21:00,4
4/2/2020,22:00,50
4/2/2020,23:00,4
5/2/2020,0:00,2
5/2/2020,1:00,14
5/2/2020,2:00,57
5/2/2020,3:00,19
5/2/2020,4:00,26
5/2/2020,5:00,0
5/2/2020,6:00,4
5/2/2020,7:00,2
5/2/2020,8:00,12
5/2/2020,9:00,35
5/2/2020,10:00,6
5/2/2020,11:00,64
5/2/2020,12:00,36
5/2/2020,13:00,40
5/2/2020,14:00,12
5/2/2020,15:00,41
5/2/2020,16:00,8
5/2/2020,17:00,6
5/2/2020,18:00,4
5/2/2020,19:00,10
5/2/2020,20:00,31
5/2/2020,21:00,56
5/2/2020,22:00,66
5/2/2020,23:00,16
6/2/2020,0:00,77
6/2/2020,1:00,37
6/2/2020,2:00,2
6/2/2020,3:00,38
6/2/2020,4:00,38
6/2/2020,5:00,38
6/2/2020,6:00,16
6/2/2020,7:00,12
6/2/2020,8:00,56
6/2/2020,9:00,20
6/2/2020,10:00,16
6/2/2020,11:00,20
6/2/2020,12:00,26
6/2/2020,13:00,6
6/2/2020,14:00,16
6/2/2020,15:00,0
6/2/2020,16:00,0
6/2/2020,17:00,0
6/2/2020,18:00,4
6/2/2020,19:00,4
6/2/2020,20:00,2
6/2/2020,21:00,0
6/2/2020,22:00,2
6/2/2020,23:00,10
7/2/2020,0:00,37
7/2/2020,1:00,0
7/2/2020,2:00,2
7/2/2020,3:00,0
7/2/2020,4:00,6
7/2/2020,5:00,20
7/2/2020,6:00,5
7/2/2020,7:00,0
7/2/2020,8:00,0
7/2/2020,9:00,2
7/2/2020,10:00,0
7/2/2020,11:00,2
7/2/2020,12:00,2
7/2/2020,13:00,2
7/2/2020,14:00,2
7/2/2020,15:00,0
7/2/2020,16:00,0
7/2/2020,17:00,0
7/2/2020,18:00,4
7/2/2020,19:00,2
7/2/2020,20:00,33
7/2/2020,21:00,8
7/2/2020,22:00,2
7/2/2020,23:00,4
8/2/2020,0:00,41
8/2/2020,1:00,16
8/2/2020,2:00,10
8/2/2020,3:00,2
8/2/2020,4:00,0
8/2/2020,5:00,0
8/2/2020,6:00,4
8/2/2020,7:00,4
8/2/2020,8:00,12
8/2/2020,9:00,0
8/2/2020,10:00,0
8/2/2020,11:00,0
8/2/2020,12:00,0
8/2/2020,13:00,0
8/2/2020,14:00,26
8/2/2020,15:00,2
8/2/2020,16:00,2
8/2/2020,17:00,0
8/2/2020,18:00,2
8/2/2020,19:00,2
8/2/2020,20:00,5
8/2/2020,21:00,4
8/2/2020,22:00,0
8/2/2020,23:00,2
9/2/2020,0:00,4
9/2/2020,1:00,4
9/2/2020,2:00,54
9/2/2020,3:00,2
9/2/2020,4:00,0
9/2/2020,5:00,0
9/2/2020,6:00,2
9/2/2020,7:00,2
9/2/2020,8:00,30
9/2/2020,9:00,0
9/2/2020,10:00,4
9/2/2020,11:00,42
9/2/2020,12:00,59
9/2/2020,13:00,42
9/2/2020,14:00,66
9/2/2020,15:00,60
9/2/2020,16:00,46
9/2/2020,17:00,48
9/2/2020,18:00,80
9/2/2020,19:00,14
9/2/2020,20:00,34
9/2/2020,21:00,10
9/2/2020,22:00,6
9/2/2020,23:00,32
10/2/2020,0:00,39
10/2/2020,1:00,53
10/2/2020,2:00,38
10/2/2020,3:00,46
10/2/2020,4:00,12
10/2/2020,5:00,20
10/2/2020,6:00,59
10/2/2020,7:00,8
10/2/2020,8:00,34
10/2/2020,9:00,60
10/2/2020,10:00,9
10/2/2020,11:00,61
10/2/2020,12:00,36
10/2/2020,13:00,55
10/2/2020,14:00,36
10/2/2020,15:00,41
10/2/2020,16:00,72
10/2/2020,17:00,33
10/2/2020,18:00,64
10/2/2020,19:00,37
10/2/2020,20:00,37
10/2/2020,21:00,13
10/2/2020,22:00,35
10/2/2020,23:00,69
11/2/2020,0:00,10
11/2/2020,1:00,50
11/2/2020,2:00,51
11/2/2020,3:00,48
11/2/2020,4:00,23
11/2/2020,5:00,83
11/2/2020,6:00,28
11/2/2020,7:00,16
11/2/2020,8:00,20
11/2/2020,9:00,29
11/2/2020,10:00,45
11/2/2020,11:00,12
11/2/2020,12:00,8
11/2/2020,13:00,6
11/2/2020,14:00,19
11/2/2020,15:00,12
11/2/2020,16:00,95
11/2/2020,17:00,38
11/2/2020,18:00,72
11/2/2020,19:00,12
11/2/2020,20:00,43
11/2/2020,21:00,37
11/2/2020,22:00,21
11/2/2020,23:00,61
12/2/2020,0:00,31
12/2/2020,1:00,30
12/2/2020,2:00,50
12/2/2020,3:00,30
12/2/2020,4:00,97
12/2/2020,5:00,42
12/2/2020,6:00,27
12/2/2020,7:00,40
12/2/2020,8:00,19
12/2/2020,9:00,16
12/2/2020,10:00,12
12/2/2020,11:00,38
12/2/2020,12:00,42
12/2/2020,13:00,10
12/2/2020,14:00,35
12/2/2020,15:00,8
12/2/2020,16:00,2
12/2/2020,17:00,8
12/2/2020,18:00,19
12/2/2020,19:00,55
12/2/2020,20:00,58
12/2/2020,21:00,35
12/2/2020,22:00,91
12/2/2020,23:00,4
13/02/2020,0:00,8
13/02/2020,1:00,8
13/02/2020,2:00,2
13/02/2020,3:00,33
13/02/2020,4:00,69
13/02/2020,5:00,10
13/02/2020,6:00,6
13/02/2020,7:00,118
13/02/2020,8:00,43
13/02/2020,9:00,50
13/02/2020,10:00,14
13/02/2020,11:00,4
13/02/2020,12:00,18
13/02/2020,13:00,34
13/02/2020,14:00,17
13/02/2020,15:00,50
13/02/2020,16:00,43
13/02/2020,17:00,48
13/02/2020,18:00,25
13/02/2020,19:00,24
13/02/2020,20:00,39
13/02/2020,21:00,87
13/02/2020,22:00,22
13/02/2020,23:00,11
14/02/2020,0:00,36
14/02/2020,1:00,50
14/02/2020,2:00,73
14/02/2020,3:00,79
14/02/2020,4:00,36
14/02/2020,5:00,21
14/02/2020,6:00,57
14/02/2020,7:00,53
14/02/2020,8:00,19
14/02/2020,9:00,17
14/02/2020,10:00,18
14/02/2020,11:00,6
14/02/2020,12:00,51
14/02/2020,13:00,10
14/02/2020,14:00,43
14/02/2020,15:00,12
14/02/2020,16:00,39
14/02/2020,17:00,0
14/02/2020,18:00,63
14/02/2020,19:00,28
14/02/2020,20:00,4
14/02/2020,21:00,28
14/02/2020,22:00,70
14/02/2020,23:00,27
15/02/2020,0:00,46
15/02/2020,1:00,12
15/02/2020,2:00,34
15/02/2020,3:00,26
15/02/2020,4:00,18
15/02/2020,5:00,38
15/02/2020,6:00,7
15/02/2020,7:00,8
15/02/2020,8:00,14
15/02/2020,9:00,8
15/02/2020,10:00,91
15/02/2020,11:00,59
15/02/2020,12:00,4
15/02/2020,13:00,0
15/02/2020,14:00,2
15/02/2020,15:00,2
15/02/2020,16:00,2
15/02/2020,17:00,5
15/02/2020,18:00,4
15/02/2020,19:00,81
15/02/2020,20:00,0
15/02/2020,21:00,20
15/02/2020,22:00,2
15/02/2020,23:00,0
16/02/2020,0:00,2
16/02/2020,1:00,21
16/02/2020,2:00,30
16/02/2020,3:00,0
16/02/2020,4:00,6
16/02/2020,5:00,6
16/02/2020,6:00,27
16/02/2020,7:00,0
16/02/2020,8:00,0
16/02/2020,9:00,2
16/02/2020,10:00,95
16/02/2020,11:00,10
16/02/2020,12:00,16
16/02/2020,13:00,77
16/02/2020,14:00,21
16/02/2020,15:00,51
16/02/2020,16:00,21
16/02/2020,17:00,2
16/02/2020,18:00,29
16/02/2020,19:00,27
16/02/2020,20:00,51
16/02/2020,21:00,30
16/02/2020,22:00,109
16/02/2020,23:00,61
17/02/2020,0:00,20
17/02/2020,1:00,14
17/02/2020,2:00,60
17/02/2020,3:00,117
17/02/2020,4:00,14
17/02/2020,5:00,14
17/02/2020,6:00,26
17/02/2020,7:00,36
17/02/2020,8:00,11
17/02/2020,9:00,48
17/02/2020,10:00,79
17/02/2020,11:00,20
17/02/2020,12:00,45
17/02/2020,13:00,42
17/02/2020,14:00,32
17/02/2020,15:00,33
17/02/2020,16:00,12
17/02/2020,17:00,26
17/02/2020,18:00,33
17/02/2020,19:00,91
17/02/2020,20:00,13
17/02/2020,21:00,19
17/02/2020,22:00,10
17/02/2020,23:00,39
18/02/2020,0:00,56
18/02/2020,1:00,52
18/02/2020,2:00,55
18/02/2020,3:00,41
18/02/2020,4:00,72
18/02/2020,5:00,12
18/02/2020,6:00,25
18/02/2020,7:00,12
18/02/2020,8:00,25
18/02/2020,9:00,18
18/02/2020,10:00,83
18/02/2020,11:00,64
18/02/2020,12:00,32
18/02/2020,13:00,63
18/02/2020,14:00,15
18/02/2020,15:00,21
18/02/2020,16:00,40
18/02/2020,17:00,12
18/02/2020,18:00,20
18/02/2020,19:00,105
18/02/2020,20:00,39
18/02/2020,21:00,72
18/02/2020,22:00,97
18/02/2020,23:00,90
19/02/2020,0:00,42
19/02/2020,1:00,65
19/02/2020,2:00,40
19/02/2020,3:00,55
19/02/2020,4:00,21
19/02/2020,5:00,69
19/02/2020,6:00,14
19/02/2020,7:00,16
19/02/2020,8:00,47
19/02/2020,9:00,2
19/02/2020,10:00,12
19/02/2020,11:00,90
19/02/2020,12:00,53
19/02/2020,13:00,52
19/02/2020,14:00,42
19/02/2020,15:00,56
19/02/2020,16:00,2
19/02/2020,17:00,10
19/02/2020,18:00,43
19/02/2020,19:00,32
19/02/2020,20:00,20
19/02/2020,21:00,41
19/02/2020,22:00,26
19/02/2020,23:00,36
20/02/2020,0:00,86
20/02/2020,1:00,8
20/02/2020,2:00,85
20/02/2020,3:00,6
20/02/2020,4:00,71
20/02/2020,5:00,40
20/02/2020,6:00,54
20/02/2020,7:00,47
20/02/2020,8:00,27
20/02/2020,9:00,8
20/02/2020,10:00,29
20/02/2020,11:00,20
20/02/2020,12:00,16
20/02/2020,13:00,55
20/02/2020,14:00,14
20/02/2020,15:00,27
20/02/2020,16:00,50
20/02/2020,17:00,37
20/02/2020,18:00,80
20/02/2020,19:00,53
20/02/2020,20:00,37
20/02/2020,21:00,39
20/02/2020,22:00,76
20/02/2020,23:00,79
21/02/2020,0:00,50
21/02/2020,1:00,58
21/02/2020,2:00,16
21/02/2020,3:00,10
21/02/2020,4:00,96
21/02/2020,5:00,103
21/02/2020,6:00,52
21/02/2020,7:00,34
21/02/2020,8:00,26
21/02/2020,9:00,37
21/02/2020,10:00,6
21/02/2020,11:00,8
21/02/2020,12:00,63
21/02/2020,13:00,0
21/02/2020,14:00,4
21/02/2020,15:00,0
21/02/2020,16:00,0
21/02/2020,17:00,0
21/02/2020,18:00,22
21/02/2020,19:00,2
21/02/2020,20:00,0
21/02/2020,21:00,2
21/02/2020,22:00,4
21/02/2020,23:00,0
22/02/2020,0:00,2
22/02/2020,1:00,2
22/02/2020,2:00,2
22/02/2020,3:00,4
22/02/2020,4:00,0
22/02/2020,5:00,4
22/02/2020,6:00,0
22/02/2020,7:00,22
22/02/2020,8:00,0
22/02/2020,9:00,2
22/02/2020,10:00,2
22/02/2020,11:00,29
22/02/2020,12:00,4
22/02/2020,13:00,0
22/02/2020,14:00,2
22/02/2020,15:00,2
22/02/2020,16:00,0
22/02/2020,17:00,2
22/02/2020,18:00,2
22/02/2020,19:00,0
22/02/2020,20:00,2
22/02/2020,21:00,0
22/02/2020,22:00,2
22/02/2020,23:00,2
23/02/2020,0:00,2
23/02/2020,1:00,0
23/02/2020,2:00,2
23/02/2020,3:00,6
23/02/2020,4:00,0
23/02/2020,5:00,17
23/02/2020,6:00,2
23/02/2020,7:00,0
23/02/2020,8:00,4
23/02/2020,9:00,0
23/02/2020,10:00,0
23/02/2020,11:00,0
23/02/2020,12:00,0
23/02/2020,13:00,32
23/02/2020,14:00,0
23/02/2020,15:00,30
23/02/2020,16:00,29
23/02/2020,17:00,2
23/02/2020,18:00,0
23/02/2020,19:00,0
23/02/2020,20:00,28
23/02/2020,21:00,0
23/02/2020,22:00,0
23/02/2020,23:00,0
24/02/2020,0:00,11
24/02/2020,1:00,2
24/02/2020,2:00,2
24/02/2020,3:00,2
24/02/2020,4:00,0
24/02/2020,5:00,0
24/02/2020,6:00,0
24/02/2020,7:00,2
24/02/2020,8:00,2
24/02/2020,9:00,0
24/02/2020,10:00,2
24/02/2020,11:00,2
24/02/2020,12:00,0
24/02/2020,13:00,2
24/02/2020,14:00,0
24/02/2020,15:00,4
24/02/2020,16:00,0
24/02/2020,17:00,0
24/02/2020,18:00,23
24/02/2020,19:00,0
24/02/2020,20:00,0
24/02/2020,21:00,0
24/02/2020,22:00,11
24/02/2020,23:00,2
25/02/2020,0:00,2
25/02/2020,1:00,4
25/02/2020,2:00,0
25/02/2020,3:00,0
25/02/2020,4:00,0
25/02/2020,5:00,27
25/02/2020,6:00,0
25/02/2020,7:00,0
25/02/2020,8:00,0
25/02/2020,9:00,2
25/02/2020,10:00,26
25/02/2020,11:00,30
25/02/2020,12:00,4
25/02/2020,13:00,2
25/02/2020,14:00,2
25/02/2020,15:00,2
25/02/2020,16:00,0
25/02/2020,17:00,2
25/02/2020,18:00,2
25/02/2020,19:00,0
25/02/2020,20:00,0
25/02/2020,21:00,2
25/02/2020,22:00,2
25/02/2020,23:00,2
26/02/2020,0:00,0
26/02/2020,1:00,11
26/02/2020,2:00,2
26/02/2020,3:00,2
26/02/2020,4:00,10
26/02/2020,5:00,2
26/02/2020,6:00,0
26/02/2020,7:00,4
26/02/2020,8:00,0
26/02/2020,9:00,9
26/02/2020,10:00,0
26/02/2020,11:00,0
26/02/2020,12:00,6
26/02/2020,13:00,2
26/02/2020,14:00,0
26/02/2020,15:00,0
26/02/2020,16:00,4
26/02/2020,17:00,0
26/02/2020,18:00,2
26/02/2020,19:00,2
26/02/2020,20:00,0
26/02/2020,21:00,2
26/02/2020,22:00,2
26/02/2020,23:00,2
27/02/2020,0:00,0
27/02/2020,1:00,2
27/02/2020,2:00,2
27/02/2020,3:00,31
27/02/2020,4:00,4
27/02/2020,5:00,4
27/02/2020,6:00,0
27/02/2020,7:00,2
27/02/2020,8:00,3
27/02/2020,9:00,4
27/02/2020,10:00,0
27/02/2020,11:00,0
27/02/2020,12:00,2
27/02/2020,13:00,0
27/02/2020,14:00,0
27/02/2020,15:00,0
27/02/2020,16:00,2
27/02/2020,17:00,2
27/02/2020,18:00,23
27/02/2020,19:00,2
27/02/2020,20:00,2
27/02/2020,21:00,4
27/02/2020,22:00,4
27/02/2020,23:00,4
28/02/2020,0:00,2
28/02/2020,1:00,0
28/02/2020,2:00,22
28/02/2020,3:00,0
28/02/2020,4:00,4
28/02/2020,5:00,4
28/02/2020,6:00,0
28/02/2020,7:00,6
28/02/2020,8:00,2
28/02/2020,9:00,0
28/02/2020,10:00,0
28/02/2020,11:00,0
28/02/2020,12:00,2
28/02/2020,13:00,0
28/02/2020,14:00,0
28/02/2020,15:00,0
28/02/2020,16:00,0
28/02/2020,17:00,0
28/02/2020,18:00,37
28/02/2020,19:00,0
28/02/2020,20:00,0
28/02/2020,21:00,8
28/02/2020,22:00,0
28/02/2020,23:00,0
29/02/2020,0:00,0
29/02/2020,1:00,4
29/02/2020,2:00,6
29/02/2020,3:00,2
29/02/2020,4:00,0
29/02/2020,5:00,0
29/02/2020,6:00,2
29/02/2020,7:00,2
29/02/2020,8:00,37
29/02/2020,9:00,0
29/02/2020,10:00,0
29/02/2020,11:00,0
29/02/2020,12:00,0
29/02/2020,13:00,0
29/02/2020,14:00,0
29/02/2020,15:00,2
29/02/2020,16:00,0
29/02/2020,17:00,0
29/02/2020,18:00,0
29/02/2020,19:00,4
29/02/2020,20:00,33
29/02/2020,21:00,0
29/02/2020,22:00,0
29/02/2020,23:00,2
1/3/2020,0:00,0
1/3/2020,1:00,0
1/3/2020,2:00,0
1/3/2020,3:00,0
1/3/2020,4:00,2
1/3/2020,5:00,0
1/3/2020,6:00,2
1/3/2020,7:00,6
1/3/2020,8:00,2
1/3/2020,9:00,2
1/3/2020,10:00,0
1/3/2020,11:00,2
1/3/2020,12:00,11
1/3/2020,13:00,17
1/3/2020,14:00,3
1/3/2020,15:00,2
1/3/2020,16:00,30
1/3/2020,17:00,0
1/3/2020,18:00,6
1/3/2020,19:00,0
1/3/2020,20:00,0
1/3/2020,21:00,0
1/3/2020,22:00,0
1/3/2020,23:00,0
2/3/2020,0:00,0
2/3/2020,1:00,2
2/3/2020,2:00,2
2/3/2020,3:00,0
2/3/2020,4:00,0
2/3/2020,5:00,2
2/3/2020,6:00,0
2/3/2020,7:00,4
2/3/2020,8:00,2
2/3/2020,9:00,11
2/3/2020,10:00,0
2/3/2020,11:00,2
2/3/2020,12:00,2
2/3/2020,13:00,2
2/3/2020,14:00,6
2/3/2020,15:00,0
2/3/2020,16:00,4
2/3/2020,17:00,2
2/3/2020,18:00,0
2/3/2020,19:00,0
2/3/2020,20:00,0
2/3/2020,21:00,0
2/3/2020,22:00,0
2/3/2020,23:00,2
3/3/2020,0:00,0
3/3/2020,1:00,0
3/3/2020,2:00,0
3/3/2020,3:00,7
3/3/2020,4:00,2
3/3/2020,5:00,2
3/3/2020,6:00,0
3/3/2020,7:00,42
3/3/2020,8:00,0
3/3/2020,9:00,0
3/3/2020,10:00,2
3/3/2020,11:00,0
3/3/2020,12:00,4
3/3/2020,13:00,2
3/3/2020,14:00,28
3/3/2020,15:00,30
3/3/2020,16:00,0
3/3/2020,17:00,0
3/3/2020,18:00,0
3/3/2020,19:00,0
3/3/2020,20:00,0
3/3/2020,21:00,0
3/3/2020,22:00,0
3/3/2020,23:00,2
4/3/2020,0:00,0
4/3/2020,1:00,0
4/3/2020,2:00,2
4/3/2020,3:00,2
4/3/2020,4:00,2
4/3/2020,5:00,0
4/3/2020,6:00,2
4/3/2020,7:00,0
4/3/2020,8:00,0
4/3/2020,9:00,0
4/3/2020,10:00,0
4/3/2020,11:00,0
4/3/2020,12:00,0
4/3/2020,13:00,6
4/3/2020,14:00,0
4/3/2020,15:00,2
4/3/2020,16:00,0
4/3/2020,17:00,0
4/3/2020,18:00,27
4/3/2020,19:00,0
4/3/2020,20:00,0
4/3/2020,21:00,2
4/3/2020,22:00,0
4/3/2020,23:00,0
5/3/2020,0:00,2
5/3/2020,1:00,9
5/3/2020,2:00,2
5/3/2020,3:00,4
5/3/2020,4:00,2
5/3/2020,5:00,2
5/3/2020,6:00,0
5/3/2020,7:00,0
5/3/2020,8:00,0
5/3/2020,9:00,0
5/3/2020,10:00,0
5/3/2020,11:00,0
5/3/2020,12:00,6
5/3/2020,13:00,2
5/3/2020,14:00,2
5/3/2020,15:00,23
5/3/2020,16:00,0
5/3/2020,17:00,2
5/3/2020,18:00,0
5/3/2020,19:00,0
5/3/2020,20:00,0
5/3/2020,21:00,0
5/3/2020,22:00,0
5/3/2020,23:00,0
6/3/2020,0:00,2
6/3/2020,1:00,4
6/3/2020,2:00,0
6/3/2020,3:00,0
6/3/2020,4:00,0
6/3/2020,5:00,0
6/3/2020,6:00,0
6/3/2020,7:00,12
6/3/2020,8:00,2
6/3/2020,9:00,0
6/3/2020,10:00,0
6/3/2020,11:00,0
6/3/2020,12:00,0
6/3/2020,13:00,0
6/3/2020,14:00,2
6/3/2020,15:00,0
6/3/2020,16:00,2
6/3/2020,17:00,2
6/3/2020,18:00,0
6/3/2020,19:00,0
6/3/2020,20:00,2
6/3/2020,21:00,0
6/3/2020,22:00,2
6/3/2020,23:00,12
7/3/2020,0:00,2
7/3/2020,1:00,2
7/3/2020,2:00,0
7/3/2020,3:00,4
7/3/2020,4:00,6
7/3/2020,5:00,0
7/3/2020,6:00,4
7/3/2020,7:00,2
7/3/2020,8:00,2
7/3/2020,9:00,2
7/3/2020,10:00,0
7/3/2020,11:00,2
7/3/2020,12:00,0
7/3/2020,13:00,23
7/3/2020,14:00,0
7/3/2020,15:00,4
7/3/2020,16:00,0
7/3/2020,17:00,0
7/3/2020,18:00,0
7/3/2020,19:00,0
7/3/2020,20:00,0
7/3/2020,21:00,0
7/3/2020,22:00,0
7/3/2020,23:00,0
8/3/2020,0:00,0
8/3/2020,1:00,0
8/3/2020,2:00,0
8/3/2020,3:00,2
8/3/2020,4:00,0
8/3/2020,5:00,0
8/3/2020,6:00,0
8/3/2020,7:00,0
8/3/2020,8:00,0
8/3/2020,9:00,0
8/3/2020,10:00,0
8/3/2020,11:00,0
8/3/2020,12:00,2
8/3/2020,13:00,4
8/3/2020,14:00,2
8/3/2020,15:00,4
8/3/2020,16:00,22
8/3/2020,17:00,0
8/3/2020,18:00,0
8/3/2020,19:00,6
8/3/2020,20:00,0
8/3/2020,21:00,0
8/3/2020,22:00,4
8/3/2020,23:00,0
9/3/2020,0:00,2
9/3/2020,1:00,0
9/3/2020,2:00,0
9/3/2020,3:00,0
9/3/2020,4:00,0
9/3/2020,5:00,23
9/3/2020,6:00,0
9/3/2020,7:00,0
9/3/2020,8:00,2
9/3/2020,9:00,0
9/3/2020,10:00,2
9/3/2020,11:00,0
9/3/2020,12:00,2
9/3/2020,13:00,0
9/3/2020,14:00,0
9/3/2020,15:00,0
9/3/2020,16:00,2
9/3/2020,17:00,2
9/3/2020,18:00,0
9/3/2020,19:00,0
9/3/2020,20:00,0
9/3/2020,21:00,0
9/3/2020,22:00,0
9/3/2020,23:00,2
10/3/2020,0:00,0
10/3/2020,1:00,0
10/3/2020,2:00,0
10/3/2020,3:00,0
10/3/2020,4:00,0
10/3/2020,5:00,0
10/3/2020,6:00,0
10/3/2020,7:00,0
10/3/2020,8:00,0
10/3/2020,9:00,0
10/3/2020,10:00,0
10/3/2020,11:00,2
10/3/2020,12:00,0
10/3/2020,13:00,0
10/3/2020,14:00,0
10/3/2020,15:00,2
10/3/2020,16:00,30
10/3/2020,17:00,0
10/3/2020,18:00,0
10/3/2020,19:00,2
10/3/2020,20:00,2
10/3/2020,21:00,0
10/3/2020,22:00,11
10/3/2020,23:00,0
11/3/2020,0:00,0
11/3/2020,1:00,2
11/3/2020,2:00,2
11/3/2020,3:00,24
11/3/2020,4:00,2
11/3/2020,5:00,0
11/3/2020,6:00,7
11/3/2020,7:00,0
11/3/2020,8:00,0
11/3/2020,9:00,2
11/3/2020,10:00,2
11/3/2020,11:00,25
11/3/2020,12:00,0
11/3/2020,13:00,7
11/3/2020,14:00,0
11/3/2020,15:00,2
11/3/2020,16:00,2
11/3/2020,17:00,0
11/3/2020,18:00,2
11/3/2020,19:00,0
11/3/2020,20:00,2
11/3/2020,21:00,0
11/3/2020,22:00,0
11/3/2020,23:00,27
12/3/2020,0:00,0
12/3/2020,1:00,0
12/3/2020,2:00,2
12/3/2020,3:00,0
12/3/2020,4:00,4
12/3/2020,5:00,4
12/3/2020,6:00,0
12/3/2020,7:00,15
12/3/2020,8:00,0
12/3/2020,9:00,0
12/3/2020,10:00,0
12/3/2020,11:00,0
12/3/2020,12:00,2
12/3/2020,13:00,0
12/3/2020,14:00,0
12/3/2020,15:00,0
12/3/2020,16:00,4
12/3/2020,17:00,2
12/3/2020,18:00,0
12/3/2020,19:00,64
12/3/2020,20:00,0
12/3/2020,21:00,0
12/3/2020,22:00,0
12/3/2020,23:00,0
13/03/2020,0:00,6
13/03/2020,1:00,0
13/03/2020,2:00,0
13/03/2020,3:00,2
13/03/2020,4:00,11
13/03/2020,5:00,0
13/03/2020,6:00,0
13/03/2020,7:00,0
13/03/2020,8:00,2
13/03/2020,9:00,2
13/03/2020,10:00,0
13/03/2020,11:00,0
13/03/2020,12:00,0
13/03/2020,13:00,2
13/03/2020,14:00,3
13/03/2020,15:00,0
13/03/2020,16:00,0
13/03/2020,17:00,0
13/03/2020,18:00,0
13/03/2020,19:00,2
13/03/2020,20:00,0
13/03/2020,21:00,0
13/03/2020,22:00,0
13/03/2020,23:00,0
14/03/2020,0:00,0
14/03/2020,1:00,0
14/03/2020,2:00,0
14/03/2020,3:00,0
14/03/2020,4:00,2
14/03/2020,5:00,0
14/03/2020,6:00,3
14/03/2020,7:00,2
14/03/2020,8:00,0
14/03/2020,9:00,0
14/03/2020,10:00,0
14/03/2020,11:00,0
14/03/2020,12:00,0
14/03/2020,13:00,0
14/03/2020,14:00,0
14/03/2020,15:00,0
14/03/2020,16:00,0
14/03/2020,17:00,0
14/03/2020,18:00,0
14/03/2020,19:00,0
14/03/2020,20:00,2
14/03/2020,21:00,4
14/03/2020,22:00,2
14/03/2020,23:00,0
15/03/2020,0:00,0
15/03/2020,1:00,0
15/03/2020,2:00,2
15/03/2020,3:00,19
15/03/2020,4:00,2
15/03/2020,5:00,0
15/03/2020,6:00,0
15/03/2020,7:00,0
15/03/2020,8:00,0
15/03/2020,9:00,2
15/03/2020,10:00,0
15/03/2020,11:00,2
15/03/2020,12:00,10
15/03/2020,13:00,0
15/03/2020,14:00,2
15/03/2020,15:00,2
15/03/2020,16:00,2
15/03/2020,17:00,7
15/03/2020,18:00,0
15/03/2020,19:00,0
15/03/2020,20:00,0
15/03/2020,21:00,8
15/03/2020,22:00,0
15/03/2020,23:00,2
16/03/2020,0:00,2
16/03/2020,1:00,2
16/03/2020,2:00,2
16/03/2020,3:00,2
16/03/2020,4:00,2
16/03/2020,5:00,0
16/03/2020,6:00,0
16/03/2020,7:00,0
16/03/2020,8:00,0
16/03/2020,9:00,4
16/03/2020,10:00,0
16/03/2020,11:00,0
16/03/2020,12:00,9
16/03/2020,13:00,0
16/03/2020,14:00,0
16/03/2020,15:00,0
16/03/2020,16:00,0
16/03/2020,17:00,0
16/03/2020,18:00,0
16/03/2020,19:00,21
16/03/2020,20:00,0
16/03/2020,21:00,0
16/03/2020,22:00,0
16/03/2020,23:00,0
17/03/2020,0:00,13
17/03/2020,1:00,0
17/03/2020,2:00,2
17/03/2020,3:00,2
17/03/2020,4:00,0
17/03/2020,5:00,0
17/03/2020,6:00,0
17/03/2020,7:00,0
17/03/2020,8:00,2
17/03/2020,9:00,2
17/03/2020,10:00,0
17/03/2020,11:00,0
17/03/2020,12:00,0
17/03/2020,13:00,0
17/03/2020,14:00,4
17/03/2020,15:00,0
17/03/2020,16:00,0
17/03/2020,17:00,2
17/03/2020,18:00,7
17/03/2020,19:00,0
17/03/2020,20:00,0
17/03/2020,21:00,7
17/03/2020,22:00,0
17/03/2020,23:00,17
18/03/2020,0:00,2
18/03/2020,1:00,0
18/03/2020,2:00,4
18/03/2020,3:00,2
18/03/2020,4:00,0
18/03/2020,5:00,2
18/03/2020,6:00,2
18/03/2020,7:00,18
18/03/2020,8:00,0
18/03/2020,9:00,0
18/03/2020,10:00,0
18/03/2020,11:00,2
18/03/2020,12:00,2
18/03/2020,13:00,0
18/03/2020,14:00,0
18/03/2020,15:00,0
18/03/2020,16:00,0
18/03/2020,17:00,2
18/03/2020,18:00,0
18/03/2020,19:00,0
18/03/2020,20:00,0
18/03/2020,21:00,0
18/03/2020,22:00,0
18/03/2020,23:00,2
19/03/2020,0:00,0
19/03/2020,1:00,2
19/03/2020,2:00,0
19/03/2020,3:00,0
19/03/2020,4:00,2
19/03/2020,5:00,4
19/03/2020,6:00,2
19/03/2020,7:00,25
19/03/2020,8:00,2
19/03/2020,9:00,0
19/03/2020,10:00,0
19/03/2020,11:00,0
19/03/2020,12:00,2
19/03/2020,13:00,0
19/03/2020,14:00,2
19/03/2020,15:00,8
19/03/2020,16:00,8
19/03/2020,17:00,5
19/03/2020,18:00,6
19/03/2020,19:00,6
19/03/2020,20:00,2
19/03/2020,21:00,4
19/03/2020,22:00,0
19/03/2020,23:00,0
20/03/2020,0:00,8
20/03/2020,1:00,25
20/03/2020,2:00,35
20/03/2020,3:00,4
20/03/2020,4:00,2
20/03/2020,5:00,54
20/03/2020,6:00,30
20/03/2020,7:00,9
20/03/2020,8:00,0
20/03/2020,9:00,0
20/03/2020,10:00,0
20/03/2020,11:00,0
20/03/2020,12:00,0
20/03/2020,13:00,0
20/03/2020,14:00,2
20/03/2020,15:00,2
20/03/2020,16:00,0
20/03/2020,17:00,0
20/03/2020,18:00,2
20/03/2020,19:00,0
20/03/2020,20:00,0
20/03/2020,21:00,0
20/03/2020,22:00,0
20/03/2020,23:00,0
21/03/2020,0:00,0
21/03/2020,1:00,0
21/03/2020,2:00,2
21/03/2020,3:00,0
21/03/2020,4:00,0
21/03/2020,5:00,0
21/03/2020,6:00,0
21/03/2020,7:00,0
21/03/2020,8:00,2
21/03/2020,9:00,2
21/03/2020,10:00,4
21/03/2020,11:00,4
21/03/2020,12:00,6
21/03/2020,13:00,6
21/03/2020,14:00,4
21/03/2020,15:00,4
21/03/2020,16:00,26
21/03/2020,17:00,6
21/03/2020,18:00,15
21/03/2020,19:00,6
21/03/2020,20:00,4
21/03/2020,21:00,2
21/03/2020,22:00,0
21/03/2020,23:00,2
22/03/2020,0:00,20
22/03/2020,1:00,0
22/03/2020,2:00,0
22/03/2020,3:00,0
22/03/2020,4:00,0
22/03/2020,5:00,2
22/03/2020,6:00,0
22/03/2020,7:00,11
22/03/2020,8:00,27
22/03/2020,9:00,2
22/03/2020,10:00,0
22/03/2020,11:00,2
22/03/2020,12:00,2
22/03/2020,13:00,28
22/03/2020,14:00,0
22/03/2020,15:00,2
22/03/2020,16:00,22
22/03/2020,17:00,15
22/03/2020,18:00,4
22/03/2020,19:00,2
22/03/2020,20:00,6
22/03/2020,21:00,36
22/03/2020,22:00,2
22/03/2020,23:00,2
23/03/2020,0:00,0
23/03/2020,1:00,0
23/03/2020,2:00,4
23/03/2020,3:00,8
23/03/2020,4:00,26
23/03/2020,5:00,4
23/03/2020,6:00,0
23/03/2020,7:00,0
23/03/2020,8:00,2
23/03/2020,9:00,0
23/03/2020,10:00,21
23/03/2020,11:00,0
23/03/2020,12:00,0
23/03/2020,13:00,0
23/03/2020,14:00,2
23/03/2020,15:00,24
23/03/2020,16:00,0
23/03/2020,17:00,87
23/03/2020,18:00,31
23/03/2020,19:00,2
23/03/2020,20:00,0
23/03/2020,21:00,0
23/03/2020,22:00,17
23/03/2020,23:00,4
24/03/2020,0:00,0
24/03/2020,1:00,33
24/03/2020,2:00,2
24/03/2020,3:00,0
24/03/2020,4:00,0
24/03/2020,5:00,0
24/03/2020,6:00,0
24/03/2020,7:00,2
24/03/2020,8:00,15
24/03/2020,9:00,0
24/03/2020,10:00,16
24/03/2020,11:00,8
24/03/2020,12:00,2
24/03/2020,13:00,6
24/03/2020,14:00,2
24/03/2020,15:00,15
24/03/2020,16:00,0
24/03/2020,17:00,2
24/03/2020,18:00,0
24/03/2020,19:00,0
24/03/2020,20:00,0
24/03/2020,21:00,0
24/03/2020,22:00,0
24/03/2020,23:00,9
25/03/2020,0:00,6
25/03/2020,1:00,4
25/03/2020,2:00,2
25/03/2020,3:00,0
25/03/2020,4:00,4
25/03/2020,5:00,49
25/03/2020,6:00,0
25/03/2020,7:00,4
25/03/2020,8:00,52
25/03/2020,9:00,2
25/03/2020,10:00,2
25/03/2020,11:00,22
25/03/2020,12:00,8
25/03/2020,13:00,2
25/03/2020,14:00,25
25/03/2020,15:00,0
25/03/2020,16:00,8
25/03/2020,17:00,0
25/03/2020,18:00,0
25/03/2020,19:00,4
25/03/2020,20:00,6
25/03/2020,21:00,8
25/03/2020,22:00,4
25/03/2020,23:00,4
26/03/2020,0:00,4
26/03/2020,1:00,36
26/03/2020,2:00,13
26/03/2020,3:00,32
26/03/2020,4:00,10
26/03/2020,5:00,18
26/03/2020,6:00,2
26/03/2020,7:00,0
26/03/2020,8:00,2
26/03/2020,9:00,4
26/03/2020,10:00,0
26/03/2020,11:00,5
26/03/2020,12:00,0
26/03/2020,13:00,2
26/03/2020,14:00,2
26/03/2020,15:00,0
26/03/2020,16:00,0
26/03/2020,17:00,30
26/03/2020,18:00,0
26/03/2020,19:00,4
26/03/2020,20:00,0
26/03/2020,21:00,2
26/03/2020,22:00,2
26/03/2020,23:00,0
27/03/2020,0:00,4
27/03/2020,1:00,2
27/03/2020,2:00,4
27/03/2020,3:00,0
27/03/2020,4:00,0
27/03/2020,5:00,0
27/03/2020,6:00,0
27/03/2020,7:00,2
27/03/2020,8:00,0
27/03/2020,9:00,16
27/03/2020,10:00,2
27/03/2020,11:00,2
27/03/2020,12:00,0
27/03/2020,13:00,0
27/03/2020,14:00,6
27/03/2020,15:00,3
27/03/2020,16:00,3
27/03/2020,17:00,19
27/03/2020,18:00,2
27/03/2020,19:00,0
27/03/2020,20:00,4
27/03/2020,21:00,2
27/03/2020,22:00,0
27/03/2020,23:00,2
28/03/2020,0:00,2
28/03/2020,1:00,2
28/03/2020,2:00,4
28/03/2020,3:00,2
28/03/2020,4:00,0
28/03/2020,5:00,15
28/03/2020,6:00,2
28/03/2020,7:00,0
28/03/2020,8:00,4
28/03/2020,9:00,0
28/03/2020,10:00,2
28/03/2020,11:00,4
28/03/2020,12:00,0
28/03/2020,13:00,4
28/03/2020,14:00,2
28/03/2020,15:00,4
28/03/2020,16:00,4
28/03/2020,17:00,2
28/03/2020,18:00,2
28/03/2020,19:00,4
28/03/2020,20:00,8
28/03/2020,21:00,0
28/03/2020,22:00,4
28/03/2020,23:00,2
29/03/2020,0:00,0
29/03/2020,1:00,0
29/03/2020,2:00,0
29/03/2020,3:00,0
29/03/2020,4:00,0
29/03/2020,5:00,
29/03/2020,6:00,
29/03/2020,7:00,
29/03/2020,8:00,
29/03/2020,9:00,
29/03/2020,10:00,
29/03/2020,11:00,
29/03/2020,12:00,
29/03/2020,13:00,
29/03/2020,14:00,
29/03/2020,15:00,
29/03/2020,16:00,
29/03/2020,17:00,
29/03/2020,18:00,
29/03/2020,19:00,
29/03/2020,20:00,
29/03/2020,21:00,
29/03/2020,22:00,
29/03/2020,23:00,
30/03/2020,0:00,
30/03/2020,1:00,
30/03/2020,2:00,
30/03/2020,3:00,
30/03/2020,4:00,
30/03/2020,5:00,
30/03/2020,6:00,
30/03/2020,7:00,
30/03/2020,8:00,
30/03/2020,9:00,
30/03/2020,10:00,
30/03/2020,11:00,
30/03/2020,12:00,
30/03/2020,13:00,
30/03/2020,14:00,
30/03/2020,15:00,
30/03/2020,16:00,
30/03/2020,17:00,
30/03/2020,18:00,
30/03/2020,19:00,
30/03/2020,20:00,
30/03/2020,21:00,
30/03/2020,22:00,
30/03/2020,23:00,
31/03/2020,0:00,
31/03/2020,1:00,
31/03/2020,2:00,
31/03/2020,3:00,
31/03/2020,4:00,
31/03/2020,5:00,
31/03/2020,6:00,
31/03/2020,7:00,
31/03/2020,8:00,
31/03/2020,9:00,
31/03/2020,10:00,
31/03/2020,11:00,
31/03/2020,12:00,
31/03/2020,13:00,
31/03/2020,14:00,
31/03/2020,15:00,
31/03/2020,16:00,
31/03/2020,17:00,
31/03/2020,18:00,
31/03/2020,19:00,
31/03/2020,20:00,
31/03/2020,21:00,
31/03/2020,22:00,
31/03/2020,23:00,
1/4/2020,0:00,
1/4/2020,1:00,
1/4/2020,2:00,
1/4/2020,3:00,
1/4/2020,4:00,
1/4/2020,5:00,
1/4/2020,6:00,
1/4/2020,7:00,
1/4/2020,8:00,
1/4/2020,9:00,
1/4/2020,10:00,
1/4/2020,11:00,
1/4/2020,12:00,
1/4/2020,13:00,
1/4/2020,14:00,
1/4/2020,15:00,
1/4/2020,16:00,
1/4/2020,17:00,
1/4/2020,18:00,
1/4/2020,19:00,
1/4/2020,20:00,
1/4/2020,21:00,
1/4/2020,22:00,
1/4/2020,23:00,
2/4/2020,0:00,
2/4/2020,1:00,
2/4/2020,2:00,
2/4/2020,3:00,
2/4/2020,4:00,
2/4/2020,5:00,
2/4/2020,6:00,
2/4/2020,7:00,
2/4/2020,8:00,
2/4/2020,9:00,
2/4/2020,10:00,
2/4/2020,11:00,
2/4/2020,12:00,
2/4/2020,13:00,
2/4/2020,14:00,
2/4/2020,15:00,
2/4/2020,16:00,
2/4/2020,17:00,
2/4/2020,18:00,
2/4/2020,19:00,
2/4/2020,20:00,
2/4/2020,21:00,
2/4/2020,22:00,
2/4/2020,23:00,
3/4/2020,0:00,
3/4/2020,1:00,
3/4/2020,2:00,
3/4/2020,3:00,
3/4/2020,4:00,
3/4/2020,5:00,
3/4/2020,6:00,
3/4/2020,7:00,
3/4/2020,8:00,
3/4/2020,9:00,
3/4/2020,10:00,
3/4/2020,11:00,
3/4/2020,12:00,
3/4/2020,13:00,
3/4/2020,14:00,
3/4/2020,15:00,
3/4/2020,16:00,
3/4/2020,17:00,
3/4/2020,18:00,
3/4/2020,19:00,
3/4/2020,20:00,
3/4/2020,21:00,
3/4/2020,22:00,
3/4/2020,23:00,
4/4/2020,0:00,
4/4/2020,1:00,
4/4/2020,2:00,
4/4/2020,3:00,
4/4/2020,4:00,
4/4/2020,5:00,
4/4/2020,6:00,
4/4/2020,7:00,
4/4/2020,8:00,
4/4/2020,9:00,
4/4/2020,10:00,
4/4/2020,11:00,
4/4/2020,12:00,
4/4/2020,13:00,
4/4/2020,14:00,
4/4/2020,15:00,
4/4/2020,16:00,
4/4/2020,17:00,
4/4/2020,18:00,
4/4/2020,19:00,
4/4/2020,20:00,
4/4/2020,21:00,
4/4/2020,22:00,
4/4/2020,23:00,
5/4/2020,0:00,
5/4/2020,1:00,
5/4/2020,2:00,
5/4/2020,3:00,
5/4/2020,4:00,
5/4/2020,5:00,
5/4/2020,6:00,
5/4/2020,7:00,
5/4/2020,8:00,
5/4/2020,9:00,
5/4/2020,10:00,
5/4/2020,11:00,
5/4/2020,12:00,
5/4/2020,13:00,
5/4/2020,14:00,
5/4/2020,15:00,
5/4/2020,16:00,
5/4/2020,17:00,
5/4/2020,18:00,
5/4/2020,19:00,
5/4/2020,20:00,
5/4/2020,21:00,
5/4/2020,22:00,
5/4/2020,23:00,
6/4/2020,0:00,
6/4/2020,1:00,
6/4/2020,2:00,
6/4/2020,3:00,
6/4/2020,4:00,
6/4/2020,5:00,
6/4/2020,6:00,
6/4/2020,7:00,
6/4/2020,8:00,
6/4/2020,9:00,
6/4/2020,10:00,
6/4/2020,11:00,
6/4/2020,12:00,
6/4/2020,13:00,
6/4/2020,14:00,
6/4/2020,15:00,
6/4/2020,16:00,
6/4/2020,17:00,
6/4/2020,18:00,
6/4/2020,19:00,
6/4/2020,20:00,
6/4/2020,21:00,
6/4/2020,22:00,
6/4/2020,23:00,
7/4/2020,0:00,
7/4/2020,1:00,
7/4/2020,2:00,
7/4/2020,3:00,
7/4/2020,4:00,
7/4/2020,5:00,
7/4/2020,6:00,
7/4/2020,7:00,
7/4/2020,8:00,
7/4/2020,9:00,
7/4/2020,10:00,
7/4/2020,11:00,
7/4/2020,12:00,
7/4/2020,13:00,
7/4/2020,14:00,
7/4/2020,15:00,
7/4/2020,16:00,
7/4/2020,17:00,
7/4/2020,18:00,
7/4/2020,19:00,
7/4/2020,20:00,
7/4/2020,21:00,
7/4/2020,22:00,
7/4/2020,23:00,
8/4/2020,0:00,
8/4/2020,1:00,
8/4/2020,2:00,
8/4/2020,3:00,
8/4/2020,4:00,
8/4/2020,5:00,
8/4/2020,6:00,
8/4/2020,7:00,
8/4/2020,8:00,
8/4/2020,9:00,
8/4/2020,10:00,
8/4/2020,11:00,
8/4/2020,12:00,
8/4/2020,13:00,
8/4/2020,14:00,
8/4/2020,15:00,
8/4/2020,16:00,
8/4/2020,17:00,
8/4/2020,18:00,
8/4/2020,19:00,
8/4/2020,20:00,
8/4/2020,21:00,
8/4/2020,22:00,
8/4/2020,23:00,
9/4/2020,0:00,
9/4/2020,1:00,
9/4/2020,2:00,
9/4/2020,3:00,
9/4/2020,4:00,
9/4/2020,5:00,
9/4/2020,6:00,
9/4/2020,7:00,
9/4/2020,8:00,
9/4/2020,9:00,
9/4/2020,10:00,
9/4/2020,11:00,
9/4/2020,12:00,
9/4/2020,13:00,
9/4/2020,14:00,
9/4/2020,15:00,
9/4/2020,16:00,
9/4/2020,17:00,
9/4/2020,18:00,
9/4/2020,19:00,
9/4/2020,20:00,
9/4/2020,21:00,
9/4/2020,22:00,
9/4/2020,23:00,
10/4/2020,0:00,
10/4/2020,1:00,
10/4/2020,2:00,
10/4/2020,3:00,
10/4/2020,4:00,
10/4/2020,5:00,
10/4/2020,6:00,
10/4/2020,7:00,
10/4/2020,8:00,
10/4/2020,9:00,
10/4/2020,10:00,
10/4/2020,11:00,
10/4/2020,12:00,
10/4/2020,13:00,
10/4/2020,14:00,
10/4/2020,15:00,
10/4/2020,16:00,
10/4/2020,17:00,
10/4/2020,18:00,
10/4/2020,19:00,
10/4/2020,20:00,
10/4/2020,21:00,
10/4/2020,22:00,
10/4/2020,23:00,
11/4/2020,0:00,
11/4/2020,1:00,
11/4/2020,2:00,
11/4/2020,3:00,
11/4/2020,4:00,
11/4/2020,5:00,
11/4/2020,6:00,
11/4/2020,7:00,
11/4/2020,8:00,
11/4/2020,9:00,
11/4/2020,10:00,
11/4/2020,11:00,
11/4/2020,12:00,
11/4/2020,13:00,
11/4/2020,14:00,
11/4/2020,15:00,
11/4/2020,16:00,
11/4/2020,17:00,
11/4/2020,18:00,
11/4/2020,19:00,
11/4/2020,20:00,
11/4/2020,21:00,
11/4/2020,22:00,
11/4/2020,23:00,
12/4/2020,0:00,
12/4/2020,1:00,
12/4/2020,2:00,
12/4/2020,3:00,
12/4/2020,4:00,
12/4/2020,5:00,
12/4/2020,6:00,
12/4/2020,7:00,
12/4/2020,8:00,
12/4/2020,9:00,
12/4/2020,10:00,
12/4/2020,11:00,
12/4/2020,12:00,
12/4/2020,13:00,
12/4/2020,14:00,
12/4/2020,15:00,
12/4/2020,16:00,
12/4/2020,17:00,
12/4/2020,18:00,
12/4/2020,19:00,
12/4/2020,20:00,
12/4/2020,21:00,
12/4/2020,22:00,
12/4/2020,23:00,
13/04/2020,0:00,
13/04/2020,1:00,
13/04/2020,2:00,
13/04/2020,3:00,
13/04/2020,4:00,
13/04/2020,5:00,
13/04/2020,6:00,
13/04/2020,7:00,
13/04/2020,8:00,
13/04/2020,9:00,
13/04/2020,10:00,
13/04/2020,11:00,
13/04/2020,12:00,
13/04/2020,13:00,
13/04/2020,14:00,
13/04/2020,15:00,
13/04/2020,16:00,
13/04/2020,17:00,
13/04/2020,18:00,
13/04/2020,19:00,
13/04/2020,20:00,
13/04/2020,21:00,
13/04/2020,22:00,
13/04/2020,23:00,
14/04/2020,0:00,
14/04/2020,1:00,
14/04/2020,2:00,
14/04/2020,3:00,
14/04/2020,4:00,
14/04/2020,5:00,
14/04/2020,6:00,
14/04/2020,7:00,
14/04/2020,8:00,
14/04/2020,9:00,
14/04/2020,10:00,
14/04/2020,11:00,
14/04/2020,12:00,
14/04/2020,13:00,
14/04/2020,14:00,
14/04/2020,15:00,
14/04/2020,16:00,
14/04/2020,17:00,
14/04/2020,18:00,
14/04/2020,19:00,
14/04/2020,20:00,
14/04/2020,21:00,
14/04/2020,22:00,
14/04/2020,23:00,
15/04/2020,0:00,
15/04/2020,1:00,
15/04/2020,2:00,
15/04/2020,3:00,
15/04/2020,4:00,
15/04/2020,5:00,
15/04/2020,6:00,
15/04/2020,7:00,
15/04/2020,8:00,
15/04/2020,9:00,
15/04/2020,10:00,
15/04/2020,11:00,
15/04/2020,12:00,
15/04/2020,13:00,
15/04/2020,14:00,
15/04/2020,15:00,
15/04/2020,16:00,
15/04/2020,17:00,
15/04/2020,18:00,
15/04/2020,19:00,
15/04/2020,20:00,
15/04/2020,21:00,
15/04/2020,22:00,
15/04/2020,23:00,
16/04/2020,0:00,
16/04/2020,1:00,
16/04/2020,2:00,
16/04/2020,3:00,
16/04/2020,4:00,
16/04/2020,5:00,
16/04/2020,6:00,
16/04/2020,7:00,
16/04/2020,8:00,
16/04/2020,9:00,
16/04/2020,10:00,
16/04/2020,11:00,
16/04/2020,12:00,
16/04/2020,13:00,
16/04/2020,14:00,
16/04/2020,15:00,
16/04/2020,16:00,
16/04/2020,17:00,
16/04/2020,18:00,
16/04/2020,19:00,
16/04/2020,20:00,
16/04/2020,21:00,
16/04/2020,22:00,
16/04/2020,23:00,
17/04/2020,0:00,
17/04/2020,1:00,
17/04/2020,2:00,
17/04/2020,3:00,
17/04/2020,4:00,
17/04/2020,5:00,
17/04/2020,6:00,
17/04/2020,7:00,
17/04/2020,8:00,
17/04/2020,9:00,
17/04/2020,10:00,
17/04/2020,11:00,
17/04/2020,12:00,
17/04/2020,13:00,
17/04/2020,14:00,
17/04/2020,15:00,
17/04/2020,16:00,
17/04/2020,17:00,
17/04/2020,18:00,
17/04/2020,19:00,
17/04/2020,20:00,
17/04/2020,21:00,
17/04/2020,22:00,
17/04/2020,23:00,
18/04/2020,0:00,
18/04/2020,1:00,
18/04/2020,2:00,
18/04/2020,3:00,
18/04/2020,4:00,
18/04/2020,5:00,
18/04/2020,6:00,
18/04/2020,7:00,
18/04/2020,8:00,
18/04/2020,9:00,
18/04/2020,10:00,
18/04/2020,11:00,
18/04/2020,12:00,
18/04/2020,13:00,
18/04/2020,14:00,
18/04/2020,15:00,
18/04/2020,16:00,
18/04/2020,17:00,
18/04/2020,18:00,
18/04/2020,19:00,
18/04/2020,20:00,
18/04/2020,21:00,
18/04/2020,22:00,
18/04/2020,23:00,
19/04/2020,0:00,
19/04/2020,1:00,
19/04/2020,2:00,
19/04/2020,3:00,
19/04/2020,4:00,
19/04/2020,5:00,
19/04/2020,6:00,
19/04/2020,7:00,
19/04/2020,8:00,
19/04/2020,9:00,
19/04/2020,10:00,
19/04/2020,11:00,
19/04/2020,12:00,
19/04/2020,13:00,
19/04/2020,14:00,
19/04/2020,15:00,
19/04/2020,16:00,
19/04/2020,17:00,
19/04/2020,18:00,
19/04/2020,19:00,
19/04/2020,20:00,
19/04/2020,21:00,
19/04/2020,22:00,
19/04/2020,23:00,
20/04/2020,0:00,
20/04/2020,1:00,
20/04/2020,2:00,
20/04/2020,3:00,
20/04/2020,4:00,
20/04/2020,5:00,
20/04/2020,6:00,
20/04/2020,7:00,
20/04/2020,8:00,
20/04/2020,9:00,
20/04/2020,10:00,
20/04/2020,11:00,
20/04/2020,12:00,
20/04/2020,13:00,
20/04/2020,14:00,
20/04/2020,15:00,
20/04/2020,16:00,
20/04/2020,17:00,
20/04/2020,18:00,
20/04/2020,19:00,
20/04/2020,20:00,
20/04/2020,21:00,
20/04/2020,22:00,
20/04/2020,23:00,
21/04/2020,0:00,
21/04/2020,1:00,
21/04/2020,2:00,
21/04/2020,3:00,
21/04/2020,4:00,
21/04/2020,5:00,
21/04/2020,6:00,
21/04/2020,7:00,
21/04/2020,8:00,
21/04/2020,9:00,
21/04/2020,10:00,
21/04/2020,11:00,
21/04/2020,12:00,
21/04/2020,13:00,
21/04/2020,14:00,
21/04/2020,15:00,
21/04/2020,16:00,
21/04/2020,17:00,
21/04/2020,18:00,
21/04/2020,19:00,
21/04/2020,20:00,
21/04/2020,21:00,
21/04/2020,22:00,
21/04/2020,23:00,
22/04/2020,0:00,
22/04/2020,1:00,
22/04/2020,2:00,0
22/04/2020,3:00,0
22/04/2020,4:00,0
22/04/2020,5:00,0
22/04/2020,6:00,0
22/04/2020,7:00,0
22/04/2020,8:00,
22/04/2020,9:00,
22/04/2020,10:00,
22/04/2020,11:00,
22/04/2020,12:00,
22/04/2020,13:00,
22/04/2020,14:00,
22/04/2020,15:00,
22/04/2020,16:00,
22/04/2020,17:00,
22/04/2020,18:00,
22/04/2020,19:00,
22/04/2020,20:00,
22/04/2020,21:00,
22/04/2020,22:00,
22/04/2020,23:00,
23/04/2020,0:00,
23/04/2020,1:00,
23/04/2020,2:00,
23/04/2020,3:00,
23/04/2020,4:00,
23/04/2020,5:00,
23/04/2020,6:00,
23/04/2020,7:00,
23/04/2020,8:00,
23/04/2020,9:00,
23/04/2020,10:00,
23/04/2020,11:00,
23/04/2020,12:00,
23/04/2020,13:00,
23/04/2020,14:00,
23/04/2020,15:00,
23/04/2020,16:00,
23/04/2020,17:00,
23/04/2020,18:00,
23/04/2020,19:00,
23/04/2020,20:00,
23/04/2020,21:00,
23/04/2020,22:00,
23/04/2020,23:00,
24/04/2020,0:00,0
24/04/2020,1:00,0
24/04/2020,2:00,0
24/04/2020,3:00,
24/04/2020,4:00,
24/04/2020,5:00,
24/04/2020,6:00,
24/04/2020,7:00,
24/04/2020,8:00,
24/04/2020,9:00,
24/04/2020,10:00,
24/04/2020,11:00,
24/04/2020,12:00,
24/04/2020,13:00,
24/04/2020,14:00,
24/04/2020,15:00,
24/04/2020,16:00,
24/04/2020,17:00,
24/04/2020,18:00,
24/04/2020,19:00,
24/04/2020,20:00,
24/04/2020,21:00,
24/04/2020,22:00,0
24/04/2020,23:00,0
25/04/2020,0:00,0
25/04/2020,1:00,0
25/04/2020,2:00,0
25/04/2020,3:00,0
25/04/2020,4:00,0
25/04/2020,5:00,0
25/04/2020,6:00,0
25/04/2020,7:00,0
25/04/2020,8:00,0
25/04/2020,9:00,
25/04/2020,10:00,
25/04/2020,11:00,
25/04/2020,12:00,
25/04/2020,13:00,
25/04/2020,14:00,
25/04/2020,15:00,
25/04/2020,16:00,
25/04/2020,17:00,
25/04/2020,18:00,
25/04/2020,19:00,
25/04/2020,20:00,
25/04/2020,21:00,0
25/04/2020,22:00,0
25/04/2020,23:00,0
26/04/2020,0:00,0
26/04/2020,1:00,0
26/04/2020,2:00,0
26/04/2020,3:00,
26/04/2020,4:00,
26/04/2020,5:00,
26/04/2020,6:00,
26/04/2020,7:00,
26/04/2020,8:00,
26/04/2020,9:00,
26/04/2020,10:00,
26/04/2020,11:00,
26/04/2020,12:00,
26/04/2020,13:00,
26/04/2020,14:00,
26/04/2020,15:00,
26/04/2020,16:00,
26/04/2020,17:00,
26/04/2020,18:00,
26/04/2020,19:00,
26/04/2020,20:00,0
26/04/2020,21:00,0
26/04/2020,22:00,0
26/04/2020,23:00,0
27/04/2020,0:00,0
27/04/2020,1:00,0
27/04/2020,2:00,0
27/04/2020,3:00,0
27/04/2020,4:00,0
27/04/2020,5:00,0
27/04/2020,6:00,0
27/04/2020,7:00,0
27/04/2020,8:00,0
27/04/2020,9:00,
27/04/2020,10:00,
27/04/2020,11:00,
27/04/2020,12:00,
27/04/2020,13:00,
27/04/2020,14:00,
27/04/2020,15:00,
27/04/2020,16:00,
27/04/2020,17:00,
27/04/2020,18:00,
27/04/2020,19:00,
27/04/2020,20:00,
27/04/2020,21:00,
27/04/2020,22:00,0
27/04/2020,23:00,0
28/04/2020,0:00,0
28/04/2020,1:00,0
28/04/2020,2:00,0
28/04/2020,3:00,0
28/04/2020,4:00,0
28/04/2020,5:00,0
28/04/2020,6:00,0
28/04/2020,7:00,
28/04/2020,8:00,
28/04/2020,9:00,
28/04/2020,10:00,
28/04/2020,11:00,
28/04/2020,12:00,
28/04/2020,13:00,
28/04/2020,14:00,
28/04/2020,15:00,
28/04/2020,16:00,
28/04/2020,17:00,
28/04/2020,18:00,0
28/04/2020,19:00,0
28/04/2020,20:00,0
28/04/2020,21:00,0
28/04/2020,22:00,0
28/04/2020,23:00,0
29/04/2020,0:00,0
29/04/2020,1:00,0
29/04/2020,2:00,0
29/04/2020,3:00,0
29/04/2020,4:00,0
29/04/2020,5:00,0
29/04/2020,6:00,0
29/04/2020,7:00,0
29/04/2020,8:00,0
29/04/2020,9:00,0
29/04/2020,10:00,0
29/04/2020,11:00,0
29/04/2020,12:00,0
29/04/2020,13:00,0
29/04/2020,14:00,0
29/04/2020,15:00,0
29/04/2020,16:00,0
29/04/2020,17:00,0
29/04/2020,18:00,0
29/04/2020,19:00,0
29/04/2020,20:00,0
29/04/2020,21:00,0
29/04/2020,22:00,0
29/04/2020,23:00,0
30/04/2020,0:00,0
30/04/2020,1:00,0
30/04/2020,2:00,0
30/04/2020,3:00,0
30/04/2020,4:00,0
30/04/2020,5:00,0
30/04/2020,6:00,0
30/04/2020,7:00,0
30/04/2020,8:00,0
30/04/2020,9:00,0
30/04/2020,10:00,
30/04/2020,11:00,
30/04/2020,12:00,
30/04/2020,13:00,
30/04/2020,14:00,
30/04/2020,15:00,
30/04/2020,16:00,
30/04/2020,17:00,
30/04/2020,18:00,
30/04/2020,19:00,
30/04/2020,20:00,
30/04/2020,21:00,0
30/04/2020,22:00,0
30/04/2020,23:00,0
1/5/2020,0:00,0
1/5/2020,1:00,0
1/5/2020,2:00,0
1/5/2020,3:00,0
1/5/2020,4:00,0
1/5/2020,5:00,0
1/5/2020,6:00,0
1/5/2020,7:00,0
1/5/2020,8:00,0
1/5/2020,9:00,0
1/5/2020,10:00,0
1/5/2020,11:00,
1/5/2020,12:00,
1/5/2020,13:00,
1/5/2020,14:00,
1/5/2020,15:00,
1/5/2020,16:00,
1/5/2020,17:00,0
1/5/2020,18:00,0
1/5/2020,19:00,0
1/5/2020,20:00,0
1/5/2020,21:00,0
1/5/2020,22:00,0
1/5/2020,23:00,0
2/5/2020,0:00,0
2/5/2020,1:00,0
2/5/2020,2:00,0
2/5/2020,3:00,0
2/5/2020,4:00,0
2/5/2020,5:00,0
2/5/2020,6:00,0
2/5/2020,7:00,0
2/5/2020,8:00,0
2/5/2020,9:00,0
2/5/2020,10:00,0
2/5/2020,11:00,0
2/5/2020,12:00,
2/5/2020,13:00,
2/5/2020,14:00,
2/5/2020,15:00,
2/5/2020,16:00,
2/5/2020,17:00,
2/5/2020,18:00,
2/5/2020,19:00,
2/5/2020,20:00,0
2/5/2020,21:00,0
2/5/2020,22:00,0
2/5/2020,23:00,0
3/5/2020,0:00,0
3/5/2020,1:00,0
3/5/2020,2:00,0
3/5/2020,3:00,0
3/5/2020,4:00,0
3/5/2020,5:00,0
3/5/2020,6:00,0
3/5/2020,7:00,0
3/5/2020,8:00,0
3/5/2020,9:00,0
3/5/2020,10:00,0
3/5/2020,11:00,0
3/5/2020,12:00,0
3/5/2020,13:00,0
3/5/2020,14:00,0
3/5/2020,15:00,0
3/5/2020,16:00,0
3/5/2020,17:00,0
3/5/2020,18:00,0
3/5/2020,19:00,0
3/5/2020,20:00,0
3/5/2020,21:00,0
3/5/2020,22:00,0
3/5/2020,23:00,0
4/5/2020,0:00,0
4/5/2020,1:00,0
4/5/2020,2:00,0
4/5/2020,3:00,0
4/5/2020,4:00,0
4/5/2020,5:00,0
4/5/2020,6:00,0
4/5/2020,7:00,0
4/5/2020,8:00,0
4/5/2020,9:00,0
4/5/2020,10:00,0
4/5/2020,11:00,0
4/5/2020,12:00,0
4/5/2020,13:00,0
4/5/2020,14:00,0
4/5/2020,15:00,0
4/5/2020,16:00,0
4/5/2020,17:00,0
4/5/2020,18:00,0
4/5/2020,19:00,0
4/5/2020,20:00,0
4/5/2020,21:00,0
4/5/2020,22:00,0
4/5/2020,23:00,0
5/5/2020,0:00,0
5/5/2020,1:00,0
5/5/2020,2:00,0
5/5/2020,3:00,0
5/5/2020,4:00,0
5/5/2020,5:00,0
5/5/2020,6:00,0
5/5/2020,7:00,0
5/5/2020,8:00,0
5/5/2020,9:00,0
5/5/2020,10:00,0
5/5/2020,11:00,0
5/5/2020,12:00,0
5/5/2020,13:00,0
5/5/2020,14:00,0
5/5/2020,15:00,0
5/5/2020,16:00,0
5/5/2020,17:00,0
5/5/2020,18:00,0
5/5/2020,19:00,0
5/5/2020,20:00,0
5/5/2020,21:00,0
5/5/2020,22:00,0
5/5/2020,23:00,0
6/5/2020,0:00,0
6/5/2020,1:00,0
6/5/2020,2:00,0
6/5/2020,3:00,0
6/5/2020,4:00,0
6/5/2020,5:00,0
6/5/2020,6:00,0
6/5/2020,7:00,0
6/5/2020,8:00,0
6/5/2020,9:00,0
6/5/2020,10:00,0
6/5/2020,11:00,0
6/5/2020,12:00,0
6/5/2020,13:00,0
6/5/2020,14:00,0
6/5/2020,15:00,0
6/5/2020,16:00,0
6/5/2020,17:00,0
6/5/2020,18:00,0
6/5/2020,19:00,0
6/5/2020,20:00,0
6/5/2020,21:00,0
6/5/2020,22:00,0
6/5/2020,23:00,0
7/5/2020,0:00,0
7/5/2020,1:00,0
7/5/2020,2:00,0
7/5/2020,3:00,0
7/5/2020,4:00,0
7/5/2020,5:00,0
7/5/2020,6:00,0
7/5/2020,7:00,0
7/5/2020,8:00,0
7/5/2020,9:00,0
7/5/2020,10:00,0
7/5/2020,11:00,0
7/5/2020,12:00,0
7/5/2020,13:00,0
7/5/2020,14:00,0
7/5/2020,15:00,0
7/5/2020,16:00,0
7/5/2020,17:00,0
7/5/2020,18:00,0
7/5/2020,19:00,0
7/5/2020,20:00,0
7/5/2020,21:00,0
7/5/2020,22:00,0
7/5/2020,23:00,0
8/5/2020,0:00,0
8/5/2020,1:00,0
8/5/2020,2:00,0
8/5/2020,3:00,0
8/5/2020,4:00,0
8/5/2020,5:00,0
8/5/2020,6:00,0
8/5/2020,7:00,0
8/5/2020,8:00,0
8/5/2020,9:00,0
8/5/2020,10:00,0
8/5/2020,11:00,0
8/5/2020,12:00,0
8/5/2020,13:00,0
8/5/2020,14:00,0
8/5/2020,15:00,0
8/5/2020,16:00,0
8/5/2020,17:00,0
8/5/2020,18:00,0
8/5/2020,19:00,0
8/5/2020,20:00,0
8/5/2020,21:00,0
8/5/2020,22:00,0
8/5/2020,23:00,0
9/5/2020,0:00,0
9/5/2020,1:00,0
9/5/2020,2:00,0
9/5/2020,3:00,0
9/5/2020,4:00,0
9/5/2020,5:00,0
9/5/2020,6:00,0
9/5/2020,7:00,0
9/5/2020,8:00,0
9/5/2020,9:00,0
9/5/2020,10:00,0
9/5/2020,11:00,0
9/5/2020,12:00,0
9/5/2020,13:00,0
9/5/2020,14:00,0
9/5/2020,15:00,0
9/5/2020,16:00,0
9/5/2020,17:00,0
9/5/2020,18:00,0
9/5/2020,19:00,0
9/5/2020,20:00,0
9/5/2020,21:00,0
9/5/2020,22:00,0
9/5/2020,23:00,0
10/5/2020,0:00,0
10/5/2020,1:00,0
10/5/2020,2:00,0
10/5/2020,3:00,0
10/5/2020,4:00,0
10/5/2020,5:00,0
10/5/2020,6:00,0
10/5/2020,7:00,0
10/5/2020,8:00,0
10/5/2020,9:00,0
10/5/2020,10:00,0
10/5/2020,11:00,0
10/5/2020,12:00,0
10/5/2020,13:00,0
10/5/2020,14:00,0
10/5/2020,15:00,0
10/5/2020,16:00,0
10/5/2020,17:00,0
10/5/2020,18:00,0
10/5/2020,19:00,0
10/5/2020,20:00,0
10/5/2020,21:00,0
10/5/2020,22:00,0
10/5/2020,23:00,0
11/5/2020,0:00,0
11/5/2020,1:00,0
11/5/2020,2:00,0
11/5/2020,3:00,0
11/5/2020,4:00,0
11/5/2020,5:00,0
11/5/2020,6:00,0
11/5/2020,7:00,0
11/5/2020,8:00,0
11/5/2020,9:00,0
11/5/2020,10:00,0
11/5/2020,11:00,0
11/5/2020,12:00,0
11/5/2020,13:00,0
11/5/2020,14:00,0
11/5/2020,15:00,0
11/5/2020,16:00,0
11/5/2020,17:00,0
11/5/2020,18:00,0
11/5/2020,19:00,0
11/5/2020,20:00,0
11/5/2020,21:00,0
11/5/2020,22:00,0
11/5/2020,23:00,0
12/5/2020,0:00,0
12/5/2020,1:00,0
12/5/2020,2:00,0
12/5/2020,3:00,0
12/5/2020,4:00,0
12/5/2020,5:00,0
12/5/2020,6:00,0
12/5/2020,7:00,0
12/5/2020,8:00,0
12/5/2020,9:00,0
12/5/2020,10:00,0
12/5/2020,11:00,0
12/5/2020,12:00,0
12/5/2020,13:00,0
12/5/2020,14:00,0
12/5/2020,15:00,0
12/5/2020,16:00,0
12/5/2020,17:00,0
12/5/2020,18:00,0
12/5/2020,19:00,0
12/5/2020,20:00,0
12/5/2020,21:00,0
12/5/2020,22:00,0
12/5/2020,23:00,0
13/05/2020,0:00,0
13/05/2020,1:00,0
13/05/2020,2:00,0
13/05/2020,3:00,0
13/05/2020,4:00,0
13/05/2020,5:00,0
13/05/2020,6:00,0
13/05/2020,7:00,0
13/05/2020,8:00,0
13/05/2020,9:00,0
13/05/2020,10:00,0
13/05/2020,11:00,0
13/05/2020,12:00,0
13/05/2020,13:00,0
13/05/2020,14:00,0
13/05/2020,15:00,0
13/05/2020,16:00,0
13/05/2020,17:00,0
13/05/2020,18:00,0
13/05/2020,19:00,0
13/05/2020,20:00,0
13/05/2020,21:00,0
13/05/2020,22:00,0
13/05/2020,23:00,0
14/05/2020,0:00,0
14/05/2020,1:00,0
14/05/2020,2:00,0
14/05/2020,3:00,0
14/05/2020,4:00,0
14/05/2020,5:00,0
14/05/2020,6:00,0
14/05/2020,7:00,0
14/05/2020,8:00,0
14/05/2020,9:00,0
14/05/2020,10:00,0
14/05/2020,11:00,0
14/05/2020,12:00,0
14/05/2020,13:00,0
14/05/2020,14:00,0
14/05/2020,15:00,0
14/05/2020,16:00,0
14/05/2020,17:00,0
14/05/2020,18:00,0
14/05/2020,19:00,0
14/05/2020,20:00,0
14/05/2020,21:00,0
14/05/2020,22:00,0
14/05/2020,23:00,0
15/05/2020,0:00,0
15/05/2020,1:00,0
15/05/2020,2:00,0
15/05/2020,3:00,0
15/05/2020,4:00,0
15/05/2020,5:00,0
15/05/2020,6:00,0
15/05/2020,7:00,0
15/05/2020,8:00,0
15/05/2020,9:00,0
15/05/2020,10:00,0
15/05/2020,11:00,0
15/05/2020,12:00,0
15/05/2020,13:00,0
15/05/2020,14:00,0
15/05/2020,15:00,0
15/05/2020,16:00,0
15/05/2020,17:00,0
15/05/2020,18:00,0
15/05/2020,19:00,0
15/05/2020,20:00,0
15/05/2020,21:00,0
15/05/2020,22:00,0
15/05/2020,23:00,0
16/05/2020,0:00,0
16/05/2020,1:00,0
16/05/2020,2:00,0
16/05/2020,3:00,0
16/05/2020,4:00,0
16/05/2020,5:00,0
16/05/2020,6:00,0
16/05/2020,7:00,0
16/05/2020,8:00,0
16/05/2020,9:00,0
16/05/2020,10:00,0
16/05/2020,11:00,0
16/05/2020,12:00,0
16/05/2020,13:00,0
16/05/2020,14:00,0
16/05/2020,15:00,0
16/05/2020,16:00,0
16/05/2020,17:00,0
16/05/2020,18:00,0
16/05/2020,19:00,0
16/05/2020,20:00,0
16/05/2020,21:00,0
16/05/2020,22:00,0
16/05/2020,23:00,0
17/05/2020,0:00,0
17/05/2020,1:00,0
17/05/2020,2:00,0
17/05/2020,3:00,0
17/05/2020,4:00,0
17/05/2020,5:00,0
17/05/2020,6:00,0
17/05/2020,7:00,0
17/05/2020,8:00,0
17/05/2020,9:00,0
17/05/2020,10:00,0
17/05/2020,11:00,0
17/05/2020,12:00,0
17/05/2020,13:00,0
17/05/2020,14:00,0
17/05/2020,15:00,0
17/05/2020,16:00,0
17/05/2020,17:00,0
17/05/2020,18:00,0
17/05/2020,19:00,0
17/05/2020,20:00,0
17/05/2020,21:00,0
17/05/2020,22:00,0
17/05/2020,23:00,0
18/05/2020,0:00,0
18/05/2020,1:00,0
18/05/2020,2:00,0
18/05/2020,3:00,0
18/05/2020,4:00,0
18/05/2020,5:00,0
18/05/2020,6:00,0
18/05/2020,7:00,0
18/05/2020,8:00,0
18/05/2020,9:00,0
18/05/2020,10:00,0
18/05/2020,11:00,0
18/05/2020,12:00,0
18/05/2020,13:00,0
18/05/2020,14:00,0
18/05/2020,15:00,0
18/05/2020,16:00,0
18/05/2020,17:00,0
18/05/2020,18:00,0
18/05/2020,19:00,0
18/05/2020,20:00,0
18/05/2020,21:00,0
18/05/2020,22:00,0
18/05/2020,23:00,0
19/05/2020,0:00,0
19/05/2020,1:00,0
19/05/2020,2:00,0
19/05/2020,3:00,0
19/05/2020,4:00,0
19/05/2020,5:00,0
19/05/2020,6:00,0
19/05/2020,7:00,0
19/05/2020,8:00,0
19/05/2020,9:00,0
19/05/2020,10:00,0
19/05/2020,11:00,0
19/05/2020,12:00,0
19/05/2020,13:00,
19/05/2020,14:00,
19/05/2020,15:00,
19/05/2020,16:00,
19/05/2020,17:00,
19/05/2020,18:00,
19/05/2020,19:00,
19/05/2020,20:00,
19/05/2020,21:00,
19/05/2020,22:00,
19/05/2020,23:00,
